anim,in_c7100_tae,in_c7110_tae,occ_phase1,occ_phase2,occ_phase3,seen_as_c7100,seen_as_c7110
a000_000000,1,1,0,0,0,0,0
a000_000001,1,0,0,0,0,0,0
a000_003000,1,1,0,0,5,0,1
a000_003001,1,1,0,0,1,0,1
a000_003002,1,1,0,0,0,0,0
a000_003003,1,1,3,3,0,1,0
a000_003004,1,1,1,0,2,1,1
a000_003005,1,1,0,2,0,1,0
a000_003006,1,1,0,1,2,1,1
a000_003007,1,1,0,0,1,0,1
a000_003008,1,1,0,0,4,0,1
a000_003009,1,1,0,1,2,1,1
a000_003010,1,1,0,0,0,0,0
a000_003011,1,1,0,0,0,0,0
a000_003012,1,1,0,0,1,0,1
a000_003013,1,1,0,0,0,0,0
a000_003014,1,1,3,1,0,1,0
a000_003015,1,1,4,0,0,1,0
a000_003016,1,1,4,1,2,1,1
a000_003017,1,0,0,0,0,0,0
a000_003018,1,1,1,1,2,1,1
a000_003019,1,1,0,0,1,0,1
a000_003020,1,0,2,0,0,1,0
a000_003021,1,1,0,0,0,0,0
a000_003022,1,1,1,0,0,1,0
a000_003023,1,1,2,0,0,1,0
a000_003024,0,1,0,0,0,0,0
a000_003025,1,1,8,1,1,1,1
a000_003026,1,1,0,0,0,0,0
a000_003027,1,1,0,0,0,0,0
a000_003028,1,1,2,0,0,1,0
a000_003029,1,1,0,0,0,0,0
a000_003030,1,1,8,5,2,1,1
a000_003031,1,1,0,0,1,0,1
a000_003032,1,1,0,0,0,0,0
a000_003034,1,1,0,1,0,1,0
a000_003035,1,1,0,0,0,0,0
a000_003036,1,1,0,0,0,0,0
a000_003037,1,1,2,3,0,1,0
a000_003038,1,1,0,0,0,0,0
a000_003039,1,1,0,0,1,0,1
a000_003040,1,1,0,0,0,0,0
a000_003041,1,1,0,0,0,0,0
a000_003042,1,1,0,0,1,0,1
a000_003043,1,1,0,0,3,0,1
a000_003044,1,1,3,3,0,1,0
a000_003045,1,1,1,0,0,1,0
a000_003046,1,1,0,0,0,0,0
a000_003047,0,1,0,0,0,0,0
a000_003048,1,1,0,0,0,0,0
a000_003049,1,0,0,0,0,0,0
a000_003050,1,1,3,2,0,1,0
a000_003055,1,1,2,2,0,1,0
a000_003060,1,0,0,0,0,0,0
a000_003061,1,0,0,0,0,0,0
a000_003062,1,1,0,1,0,1,0
a000_003063,1,1,0,0,0,0,0
a000_003065,1,0,4,3,0,1,0
a000_003066,1,0,0,0,0,0,0
a000_003067,1,1,0,4,1,1,1
a000_003068,1,1,6,2,2,1,1
a000_003070,1,0,0,0,0,0,0
a000_003071,1,0,3,2,0,1,0
a000_003075,1,0,0,0,0,0,0
a000_003076,1,1,17,11,0,1,0
a000_003080,1,1,0,0,0,0,0
a000_003085,0,1,0,0,0,0,0
a000_003086,0,1,0,0,0,0,0
a000_003087,0,1,0,0,0,0,0
a000_003091,1,1,0,0,0,0,0
a000_003092,1,1,3,2,1,1,1
a000_003100,1,1,29,18,9,1,1
a000_003101,1,1,23,14,3,1,1
a000_003102,1,0,1,0,0,1,0
a000_003103,1,1,0,5,1,1,1
a000_004100,1,0,0,0,0,0,0
a000_004110,1,1,0,0,0,0,0
a000_005201,1,1,7,6,1,1,1
a000_005202,1,1,0,0,2,0,1
a000_005203,1,1,0,0,0,0,0
a000_007000,1,1,0,0,0,0,0
a000_007010,1,1,0,0,0,0,0
a000_007020,1,1,0,0,0,0,0
a000_007100,1,1,0,1,0,1,0
a000_007110,1,1,0,0,0,0,0
a000_007120,1,1,0,1,0,1,0
a000_007200,1,1,0,0,0,0,0
a000_007210,1,1,0,0,0,0,0
a000_007220,1,1,0,0,0,0,0
a000_007600,1,1,0,0,0,0,0
a000_007610,1,1,0,0,0,0,0
a000_007620,1,1,0,0,0,0,0
a000_008010,1,1,15,9,4,1,1
a000_008011,1,1,0,0,0,0,0
a000_008012,1,1,0,0,0,0,0
a000_008013,1,1,0,1,0,1,0
a000_008020,1,1,0,0,0,0,0
a000_008021,1,1,0,0,0,0,0
a000_008022,1,1,0,0,0,0,0
a000_008023,1,1,0,0,0,0,0
a000_008050,1,1,0,0,1,0,1
a000_008051,1,1,0,0,1,0,1
a000_008120,1,1,0,0,0,0,0
a000_008121,1,1,0,0,0,0,0
a000_008130,1,1,0,0,0,0,0
a000_008140,1,1,0,1,0,1,0
a000_008141,1,1,0,0,0,0,0
a000_008150,1,1,0,0,0,0,0
a000_008210,1,1,0,0,7,0,1
a000_008220,1,1,0,0,5,0,1
a000_008230,1,1,0,0,3,0,1
a000_008240,1,1,0,0,0,0,0
a000_008250,1,1,0,0,0,0,0
a000_008260,1,1,0,0,0,0,0
a000_008300,1,1,0,1,0,1,0
a000_008301,1,1,0,0,0,0,0
a000_008310,1,1,0,0,0,0,0
a000_008320,1,1,0,0,0,0,0
a000_008400,1,1,15,11,3,1,1
a000_008401,1,1,8,3,0,1,0
a000_008500,1,1,13,7,3,1,1
a000_008501,1,1,16,11,5,1,1
a000_008502,1,0,1,0,0,1,0
a000_008503,1,0,0,0,0,0,0
a000_008504,1,1,0,3,0,1,0
a000_008505,1,1,0,2,0,1,0
a000_008510,1,1,0,0,1,0,1
a000_008511,1,1,0,0,0,0,0
a000_008550,1,1,0,0,0,0,0
a000_008551,1,1,0,0,0,0,0
a000_008600,1,1,3,4,0,1,0
a000_008601,1,1,8,5,1,1,1
a000_008602,1,1,0,0,0,0,0
a000_008603,1,1,0,0,0,0,0
a000_008604,1,1,3,0,0,1,0
a000_008605,1,1,0,0,0,0,0
a000_008650,1,1,0,0,0,0,0
a000_008651,1,1,0,0,0,0,0
a000_008700,1,1,0,0,0,0,0
a000_008701,1,1,0,0,0,0,0
a000_008704,1,1,0,0,0,0,0
a000_008705,1,1,0,0,0,0,0
a000_008900,1,1,0,0,0,0,0
a000_009200,1,1,0,0,0,0,0
a000_009500,1,1,5,7,8,1,1
a000_009501,1,1,0,0,0,0,0
a000_009502,1,1,0,0,0,0,0
a000_009503,1,1,0,0,0,0,0
a000_009600,1,1,30,16,11,1,1
a000_009700,1,1,4,1,1,1,1
a000_009999,1,1,48,31,27,1,1
a000_010000,1,1,0,0,0,0,0
a000_010001,1,1,0,0,0,0,0
a000_012000,1,1,0,0,0,0,0
a000_012100,1,1,1,0,0,1,0
a000_012110,1,1,1,0,0,1,0
a000_012120,1,1,0,0,0,0,0
a000_013100,1,1,0,0,0,0,0
a000_013110,1,1,0,0,0,0,0
a000_013120,1,1,0,0,0,0,0
a000_013200,1,1,0,0,0,0,0
a000_013400,1,1,0,0,0,0,0
a000_013410,1,1,0,0,0,0,0
a000_013500,1,1,0,1,0,1,0
a000_013510,1,1,0,1,0,1,0
a000_013700,0,1,0,0,0,0,0
a000_013800,1,1,8,1,1,1,1
a000_020110,1,1,0,0,0,0,0
a000_020200,0,1,0,0,0,0,0
a000_021000,1,0,0,0,0,0,0
a000_021001,1,0,0,0,0,0,0
a000_040000,1,0,0,1,0,1,0
a000_040001,1,0,0,0,0,0,0
a000_040010,1,0,0,0,0,0,0
a000_041500,1,0,7,5,0,1,0
a000_400000,1,1,0,0,0,0,0
a000_401050,1,0,0,0,0,0,0
a000_405000,1,1,7,2,0,1,0
a000_405001,1,1,0,0,1,0,1
a000_405002,1,1,6,3,4,1,1
a000_405003,1,1,6,5,4,1,1
a000_405010,1,1,2,2,5,1,1
a000_405400,1,1,1,0,0,1,0
a000_405401,1,1,0,0,1,0,1
a000_405402,1,1,0,0,1,0,1
a000_405403,1,1,0,0,0,0,0
a000_500000,1,0,0,0,0,0,0
a000_501040,1,0,0,0,0,0,0
a000_505000,1,0,0,0,0,0,0
a000_505001,1,0,0,0,0,0,0
a000_505002,1,0,0,0,0,0,0
a000_505003,1,0,0,0,0,0,0
a000_505400,1,0,0,0,0,0,0
a000_505401,1,0,0,0,0,0,0
a000_505402,1,0,0,0,0,0,0
a000_505403,1,0,0,0,0,0,0
