anim,in_c7100_tae,in_c7110_tae,occ_phase1,occ_phase2,occ_phase3,occ_total,occ_reaching_line1,lines_seen,frames_shown,first_seen_s
a000_003000,1,1,0,0,5,5,4,12,137,330.661
a000_003001,1,1,0,0,1,1,1,12,130,363.197
a000_003003,1,1,3,3,0,6,5,12,190,29.336
a000_003004,1,1,1,0,2,3,2,123,59,28.019
a000_003005,1,1,0,2,0,2,1,123,85,183.099
a000_003006,1,1,0,1,2,3,3,12,237,188.566
a000_003007,1,1,0,0,1,1,1,12,158,346.862
a000_003008,1,1,0,0,4,4,4,123,458,377.615
a000_003009,1,1,0,1,2,3,3,12,477,230.936
a000_003012,1,1,0,0,1,1,1,12,173,327.227
a000_003014,1,1,3,1,0,4,4,12,318,1.15
a000_003015,1,1,4,0,0,4,4,12,424,2.05
a000_003016,1,1,4,1,2,7,7,123,306,68.672
a000_003018,1,1,1,1,2,4,4,12,237,98.258
a000_003019,1,1,0,0,1,1,1,12,194,368.497
a000_003020,1,0,2,0,0,2,2,12,262,74.223
a000_003022,1,1,1,0,0,1,1,12,150,115.71
a000_003023,1,1,2,0,0,2,2,12,396,62.872
a000_003025,1,1,8,1,1,10,9,123,507,16.985
a000_003028,1,1,2,0,0,2,2,12,558,106.659
a000_003030,1,1,8,5,2,15,14,123,1458,15.535
a000_003031,1,1,0,0,1,1,1,12,26,350.313
a000_003034,1,1,0,1,0,1,1,12,26,233.836
a000_003037,1,1,2,3,0,5,4,1234,314,72.406
a000_003039,1,1,0,0,1,1,1,12,203,341.245
a000_003042,1,1,0,0,1,1,1,12,124,397.35
a000_003043,1,1,0,0,3,3,3,12,455,324.927
a000_003044,1,1,3,3,0,6,6,12,639,141.878
a000_003045,1,1,1,0,0,1,1,12,65,119.027
a000_003050,1,1,3,2,0,5,4,123,118,3.717
a000_003055,1,1,2,2,0,4,4,12,282,52.738
a000_003062,1,1,0,1,0,1,1,12,180,189.982
a000_003065,1,0,4,3,0,7,6,123,231,29.919
a000_003067,1,1,0,4,1,5,5,123,654,199.733
a000_003068,1,1,6,2,2,10,9,123,811,4.684
a000_003071,1,0,3,2,0,5,3,123,148,13.634
a000_003076,1,1,17,11,0,28,24,123,797,4.134
a000_003092,1,1,3,2,1,6,6,123,1845,6.051
a000_003100,1,1,29,18,9,56,13,1234,653,3.767
a000_003101,1,1,23,14,3,40,1,123,416,4.384
a000_003102,1,0,1,0,0,1,0,2,10,93.858
a000_003103,1,1,0,5,1,6,2,123,85,202.134
a000_005201,1,1,7,6,1,14,13,123,1290,11.101
a000_005202,1,1,0,0,2,2,2,12,126,339.895
a000_007100,1,1,0,1,0,1,0,23,15,266.722
a000_007120,1,1,0,1,0,1,0,24,14,266.939
a000_008010,1,1,15,9,4,28,27,1234,1202,19.585
a000_008013,1,1,0,1,0,1,1,12,42,251.688
a000_008050,1,1,0,0,1,1,1,12,102,334.511
a000_008051,1,1,0,0,1,1,1,12,78,355.23
a000_008140,1,1,0,1,0,1,1,12,25,266.556
a000_008210,1,1,0,0,7,7,7,12,211,359.613
a000_008220,1,1,0,0,5,5,5,12,251,359.963
a000_008230,1,1,0,0,3,3,3,12,285,360.963
a000_008300,1,1,0,1,0,1,1,12,51,270.973
a000_008400,1,1,15,11,3,29,28,1234,786,10.951
a000_008401,1,1,8,3,0,11,8,1234,270,4.517
a000_008500,1,1,13,7,3,23,20,12345,578,3.9
a000_008501,1,1,16,11,5,32,30,1234,830,14.768
a000_008502,1,0,1,0,0,1,1,13,40,94.008
a000_008504,1,1,0,3,0,3,3,134,102,202.584
a000_008505,1,1,0,2,0,2,2,123,36,202.334
a000_008510,1,1,0,0,1,1,1,13,3,359.58
a000_008600,1,1,3,4,0,7,5,123,288,14.101
a000_008601,1,1,8,5,1,14,13,123,639,3.2
a000_008604,1,1,3,0,0,3,3,123,357,26.302
a000_009500,1,1,5,7,8,20,0,2345,996,80.49
a000_009600,1,1,30,16,11,57,0,234,2241,5.667
a000_009700,1,1,4,1,1,6,0,234,273,25.469
a000_009999,1,1,48,31,27,106,0,2345,113,5.667
a000_012100,1,1,1,0,0,1,1,1,27,175.681
a000_012110,1,1,1,0,0,1,1,1,221,176.131
a000_013500,1,1,0,1,0,1,1,1,17,271.823
a000_013510,1,1,0,1,0,1,1,1,246,272.106
a000_013800,1,1,8,1,1,10,10,12,1134,17.768
a000_040000,1,0,0,1,0,1,1,1,27,266.739
a000_041500,1,0,7,5,0,12,12,1,1270,3.7
a000_405000,1,1,7,2,0,9,6,123,506,27.986
a000_405001,1,1,0,0,1,1,1,123,47,411.251
a000_405002,1,1,6,3,4,13,7,123,737,12.418
a000_405003,1,1,6,5,4,15,9,12,728,0.533
a000_405010,1,1,2,2,5,9,9,12,214,0.533
a000_405400,1,1,1,0,0,1,1,12,63,125.644
a000_405401,1,1,0,0,1,1,1,12,38,382.882
a000_405402,1,1,0,0,1,1,1,12,66,388.832
