anim,phase,character,start_frame,end_frame,start_time,end_time,frames_shown,lines,on_line1,t_first,t_last,starts_after_restart
a000_405003,1,c7100_0000,32,44,0.533,0.733,13,1,1,0.75,0.95,0
a000_405010,1,c7100_0000,32,56,0.533,0.933,25,12,1,0.12,0.50,0
a000_405010,1,c7100_0000,57,78,0.95,1.3,22,1,1,0.00,0.35,1
a000_003014,1,c7100_0000,69,134,1.15,2.234,66,12,1,0.00,1.08,0
a000_003015,1,c7100_0000,123,192,2.05,3.2,70,12,1,0.00,1.15,0
a000_008601,1,c7100_0000,192,233,3.2,3.884,42,12,1,0.00,0.68,0
a000_041500,1,c7100_0000,222,341,3.7,5.684,120,1,1,0.00,1.98,0
a000_003050,1,c7100_0000,223,234,3.717,3.9,12,23,0,0.00,0.18,0
a000_003100,1,c7100_0000,226,234,3.767,3.9,9,34,0,0.00,0.15,0
a000_008500,1,c7100_0000,234,258,3.9,4.3,25,24,0,0.00,0.40,0
a000_003076,1,c7100_0000,248,271,4.134,4.517,24,23,0,0.00,0.38,0
a000_003101,1,c7100_0000,263,271,4.384,4.517,9,3,0,0.00,0.13,0
a000_008401,1,c7100_0000,271,299,4.517,4.984,29,24,0,0.00,0.47,0
a000_003068,1,c7100_0000,281,363,4.684,6.051,83,23,0,0.00,1.35,0
a000_009600,1,c7100_0000,340,359,5.667,5.984,20,34,0,0.00,0.32,0
a000_009999,1,c7100_0000,340,340,5.667,5.667,1,3,0,0.00,0.00,0
a000_041500,1,c7100_0000,342,461,5.7,7.684,120,1,1,0.00,1.98,1
a000_009600,1,c7100_0000,360,410,6.001,6.834,51,34,0,0.00,0.83,1
a000_003092,1,c7100_0000,363,657,6.051,10.951,295,123,1,0.00,4.90,0
a000_009999,1,c7100_0000,410,410,6.834,6.834,1,4,0,0.00,0.00,0
a000_009600,1,c7100_0000,441,460,7.351,7.667,20,34,0,0.00,0.33,0
a000_009999,1,c7100_0000,441,441,7.351,7.351,1,3,0,0.00,0.00,0
a000_009600,1,c7100_0000,461,512,7.684,8.534,52,3,0,0.00,0.33,1
a000_041500,1,c7100_0000,462,540,7.701,9.001,79,1,1,0.00,1.30,1
a000_009999,1,c7100_0000,511,512,8.517,8.534,2,4,0,0.00,0.00,0
a000_003101,1,c7100_0000,646,657,10.768,10.951,12,2,0,0.00,0.18,0
a000_008400,1,c7100_0000,657,685,10.951,11.418,29,13,1,0.00,0.47,0
a000_005201,1,c7100_0000,666,773,11.101,12.884,108,12,1,0.00,1.67,0
a000_405002,1,c7100_0000,745,773,12.418,12.884,29,2,0,0.00,0.47,0
a000_003100,1,c7100_0000,762,773,12.701,12.884,12,3,0,0.00,0.18,0
a000_008500,1,c7100_0000,773,795,12.884,13.251,23,14,1,0.00,0.37,0
a000_003076,1,c7100_0000,786,809,13.101,13.484,24,12,1,0.00,0.38,0
a000_003101,1,c7100_0000,800,809,13.334,13.484,10,2,0,0.00,0.15,0
a000_008401,1,c7100_0000,809,827,13.484,13.784,19,13,1,0.00,0.30,0
a000_003071,1,c7100_0000,818,846,13.634,14.101,29,12,1,0.00,0.47,0
a000_008600,1,c7100_0000,846,886,14.101,14.768,41,12,1,0.00,0.67,0
a000_003100,1,c7100_0000,877,886,14.618,14.768,10,2,0,0.00,0.15,0
a000_008501,1,c7100_0000,886,908,14.768,15.135,23,13,1,0.00,0.37,0
a000_003076,1,c7100_0000,899,923,14.985,15.385,25,12,1,0.00,0.40,0
a000_003101,1,c7100_0000,913,923,15.218,15.385,11,2,0,0.00,0.17,0
a000_008400,1,c7100_0000,923,945,15.385,15.751,23,13,1,0.00,0.37,0
a000_003030,1,c7100_0000,932,1024,15.535,17.068,93,12,1,0.00,1.53,0
a000_009600,1,c7100_0000,1001,1051,16.685,17.518,51,23,0,0.00,0.83,0
a000_009999,1,c7100_0000,1001,1001,16.685,16.685,1,2,0,0.00,0.00,0
a000_003025,1,c7100_0000,1019,1065,16.985,17.751,47,12,1,0.00,0.77,0
a000_009999,1,c7100_0000,1051,1051,17.518,17.518,1,3,0,0.00,0.00,0
a000_013800,1,c7100_0000,1066,1175,17.768,19.585,110,1,1,0.02,1.83,0
a000_008010,1,c7100_0000,1175,1213,19.585,20.218,39,12,1,0.00,0.63,0
a000_003100,1,c7100_0000,1201,1214,20.018,20.235,14,12,1,0.00,0.22,0
a000_008501,1,c7100_0000,1214,1236,20.235,20.602,23,12,1,0.00,0.37,0
a000_003076,1,c7100_0000,1227,1251,20.452,20.852,25,12,1,0.00,0.40,0
a000_003101,1,c7100_0000,1241,1251,20.685,20.852,11,2,0,0.00,0.17,0
a000_008400,1,c7100_0000,1251,1279,20.852,21.318,29,13,1,0.00,0.47,0
a000_003068,1,c7100_0000,1261,1344,21.018,22.402,84,12,1,0.00,1.38,0
a000_009600,1,c7100_0000,1319,1339,21.985,22.319,21,23,0,0.00,0.33,0
a000_009999,1,c7100_0000,1319,1319,21.985,21.985,1,2,0,0.00,0.00,0
a000_009600,1,c7100_0000,1340,1390,22.335,23.169,51,23,0,0.00,0.83,1
a000_003092,1,c7100_0000,1342,1578,22.369,26.302,237,12,1,0.00,3.93,0
a000_009999,1,c7100_0000,1390,1390,23.169,23.169,1,3,0,0.00,0.00,0
a000_009600,1,c7100_0000,1420,1440,23.669,24.002,21,23,0,0.00,0.33,0
a000_009999,1,c7100_0000,1420,1420,23.669,23.669,1,2,0,0.00,0.00,0
a000_009600,1,c7100_0000,1441,1471,24.019,24.519,31,2,0,0.00,0.50,1
a000_009600,1,c7100_0000,1472,1494,24.535,24.902,23,2,0,0.00,0.37,1
a000_009600,1,c7100_0000,1495,1509,24.919,25.152,15,2,0,0.00,0.23,1
a000_009600,1,c7100_0000,1510,1560,25.169,26.002,51,2,0,0.00,0.83,1
a000_009700,1,c7100_0000,1528,1579,25.469,26.319,52,234,0,0.00,0.83,0
a000_009999,1,c7100_0000,1528,1528,25.469,25.469,1,3,0,0.00,0.00,0
a000_009999,1,c7100_0000,1560,1560,26.002,26.002,1,3,0,0.00,0.00,0
a000_008604,1,c7100_0000,1578,1692,26.302,28.202,115,123,1,0.00,1.90,0
a000_009999,1,c7100_0000,1579,1579,26.319,26.319,1,3,0,0.00,0.00,0
a000_405000,1,c7100_0000,1679,1692,27.986,28.202,14,12,1,0.00,0.22,0
a000_003004,1,c7100_0000,1681,1692,28.019,28.202,12,23,0,0.00,0.18,0
a000_008010,1,c7100_0000,1692,1744,28.202,29.069,53,14,1,0.00,0.87,0
a000_405000,1,c7100_0000,1725,1744,28.752,29.069,20,2,0,0.00,0.32,0
a000_003100,1,c7100_0000,1732,1746,28.869,29.102,15,13,1,0.00,0.23,0
a000_008501,1,c7100_0000,1746,1778,29.102,29.636,33,12,1,0.00,0.53,0
a000_003003,1,c7100_0000,1760,1785,29.336,29.752,26,12,1,0.00,0.42,0
a000_003101,1,c7100_0000,1775,1785,29.586,29.752,11,23,0,0.00,0.17,0
a000_008400,1,c7100_0000,1785,1805,29.752,30.086,21,13,1,0.00,0.33,0
a000_003065,1,c7100_0000,1795,1827,29.919,30.453,33,12,1,0.00,0.53,0
a000_008601,1,c7100_0000,1827,1866,30.453,31.103,40,12,1,0.00,0.65,0
a000_003100,1,c7100_0000,1857,1866,30.953,31.103,10,2,0,0.00,0.15,0
a000_008500,1,c7100_0000,1866,1889,31.103,31.486,24,13,1,0.00,0.38,0
a000_003076,1,c7100_0000,1880,1902,31.336,31.703,23,12,1,0.00,0.37,0
a000_003101,1,c7100_0000,1894,1902,31.569,31.703,9,2,0,0.00,0.13,0
a000_008401,1,c7100_0000,1902,1924,31.703,32.069,23,13,1,0.00,0.37,0
a000_003030,1,c7100_0000,1911,2003,31.853,33.386,93,12,1,0.00,1.53,0
a000_009600,1,c7100_0000,1980,2030,33.003,33.836,51,23,0,0.00,0.83,0
a000_009999,1,c7100_0000,1980,1980,33.003,33.003,1,2,0,0.00,0.00,0
a000_003025,1,c7100_0000,1998,2044,33.303,34.07,47,12,1,0.00,0.77,0
a000_009999,1,c7100_0000,2030,2030,33.836,33.836,1,3,0,0.00,0.00,0
a000_013800,1,c7100_0000,2045,2155,34.086,35.92,111,1,1,0.02,1.85,0
a000_008010,1,c7100_0000,2155,2193,35.92,36.553,39,12,1,0.00,0.63,0
a000_003100,1,c7100_0000,2182,2195,36.37,36.586,14,12,1,0.00,0.22,0
a000_008501,1,c7100_0000,2195,2218,36.586,36.97,24,12,1,0.00,0.38,0
a000_003076,1,c7100_0000,2208,2233,36.803,37.22,26,12,1,0.00,0.42,0
a000_003101,1,c7100_0000,2223,2233,37.053,37.22,11,2,0,0.00,0.17,0
a000_008400,1,c7100_0000,2233,2260,37.22,37.67,28,13,1,0.00,0.45,0
a000_003068,1,c7100_0000,2243,2324,37.386,38.737,82,12,1,0.00,1.37,0
a000_009600,1,c7100_0000,2301,2320,38.353,38.67,20,23,0,0.00,0.32,0
a000_009999,1,c7100_0000,2301,2301,38.353,38.353,1,2,0,0.00,0.00,0
a000_009600,1,c7100_0000,2321,2371,38.687,39.52,51,23,0,0.00,0.83,1
a000_003092,1,c7100_0000,2323,2603,38.72,43.387,281,12,1,0.00,4.67,0
a000_009999,1,c7100_0000,2371,2371,39.52,39.52,1,3,0,0.00,0.00,0
a000_009600,1,c7100_0000,2402,2422,40.037,40.37,21,23,0,0.00,0.33,0
a000_009999,1,c7100_0000,2402,2402,40.037,40.037,1,2,0,0.00,0.00,0
a000_009600,1,c7100_0000,2423,2473,40.387,41.22,51,2,0,0.00,0.83,1
a000_009999,1,c7100_0000,2473,2473,41.22,41.22,1,3,0,0.00,0.00,0
a000_003100,1,c7100_0000,2592,2603,43.204,43.387,12,2,0,0.00,0.18,0
a000_008500,1,c7100_0000,2603,2627,43.387,43.787,25,13,1,0.00,0.40,0
a000_003076,1,c7100_0000,2617,2641,43.62,44.02,25,12,1,0.00,0.40,0
a000_003101,1,c7100_0000,2632,2641,43.87,44.02,10,2,0,0.00,0.15,0
a000_008401,1,c7100_0000,2641,2660,44.02,44.337,20,13,1,0.00,0.32,0
a000_003071,1,c7100_0000,2651,2680,44.187,44.67,30,12,1,0.00,0.48,0
a000_008600,1,c7100_0000,2680,2719,44.67,45.32,40,12,1,0.00,0.65,0
a000_003100,1,c7100_0000,2710,2719,45.17,45.32,10,2,0,0.00,0.15,0
a000_008501,1,c7100_0000,2719,2743,45.32,45.72,25,13,1,0.00,0.40,0
a000_003076,1,c7100_0000,2733,2758,45.554,45.97,26,12,1,0.00,0.42,0
a000_003101,1,c7100_0000,2748,2758,45.804,45.97,11,2,0,0.00,0.17,0
a000_008400,1,c7100_0000,2758,2782,45.97,46.371,25,13,1,0.00,0.40,0
a000_003030,1,c7100_0000,2768,2861,46.137,47.687,94,12,1,0.00,1.55,0
a000_009600,1,c7100_0000,2837,2887,47.287,48.121,51,23,0,0.00,0.83,0
a000_009999,1,c7100_0000,2837,2837,47.287,47.287,1,2,0,0.00,0.00,0
a000_003025,1,c7100_0000,2855,2901,47.587,48.354,47,12,1,0.00,0.77,0
a000_009999,1,c7100_0000,2887,2887,48.121,48.121,1,3,0,0.00,0.00,0
a000_013800,1,c7100_0000,2902,3012,48.371,50.204,111,1,1,0.02,1.85,0
a000_008010,1,c7100_0000,3012,3051,50.204,50.854,40,12,1,0.00,0.65,0
a000_003100,1,c7100_0000,3039,3052,50.654,50.871,14,12,1,0.00,0.22,0
a000_008501,1,c7100_0000,3052,3091,50.871,51.521,40,12,1,0.00,0.65,0
a000_003101,1,c7100_0000,3081,3091,51.354,51.521,11,12,1,0.00,0.17,0
a000_008400,1,c7100_0000,3091,3111,51.521,51.854,21,13,1,0.00,0.33,0
a000_003065,1,c7100_0000,3101,3133,51.688,52.221,33,12,1,0.00,0.53,0
a000_008601,1,c7100_0000,3133,3174,52.221,52.904,42,12,1,0.00,0.68,0
a000_003055,1,c7100_0000,3164,3175,52.738,52.921,12,12,1,0.00,0.18,0
a000_008010,1,c7100_0000,3175,3216,52.921,53.604,42,12,1,0.00,0.68,0
a000_003100,1,c7100_0000,3204,3216,53.404,53.604,13,2,0,0.00,0.20,0
a000_008501,1,c7100_0000,3216,3239,53.604,53.988,24,13,1,0.00,0.38,0
a000_003050,1,c7100_0000,3230,3259,53.838,54.321,30,12,1,0.00,0.48,0
a000_008601,1,c7100_0000,3259,3372,54.321,56.205,114,12,1,0.00,1.60,0
a000_405000,1,c7100_0000,3332,3450,55.538,57.505,119,12,1,0.00,1.97,0
a000_003014,1,c7100_0000,3440,3505,57.338,58.422,66,12,1,0.00,1.08,0
a000_003015,1,c7100_0000,3496,3653,58.272,60.888,158,12,1,0.00,2.50,0
a000_405000,1,c7100_0000,3614,3735,60.238,62.255,122,12,1,0.00,2.02,0
a000_405000,1,c7100_0000,3736,3784,62.272,63.072,49,1,1,0.00,0.80,1
a000_003023,1,c7100_0000,3772,3984,62.872,66.406,213,12,1,0.00,3.17,0
a000_405002,1,c7100_0000,3945,4064,65.755,67.739,120,12,1,0.00,1.98,0
a000_405002,1,c7100_0000,4065,4132,67.756,68.872,68,1,1,0.00,1.12,1
a000_003016,1,c7100_0000,4120,4183,68.672,69.722,64,12,1,0.00,1.05,0
a000_008601,1,c7100_0000,4183,4225,69.722,70.423,43,12,1,0.00,0.70,0
a000_003055,1,c7100_0000,4215,4354,70.256,72.573,140,12,1,0.00,2.17,0
a000_405000,1,c7100_0000,4321,4354,72.023,72.573,34,12,1,0.00,0.55,0
a000_003037,1,c7100_0000,4344,4463,72.406,74.39,120,13,1,0.00,1.98,0
a000_003020,1,c7100_0000,4453,4586,74.223,76.44,134,12,1,0.00,2.22,0
a000_003100,1,c7100_0000,4575,4586,76.256,76.44,12,2,0,0.00,0.18,0
a000_008500,1,c7100_0000,4586,4609,76.44,76.823,24,13,1,0.00,0.38,0
a000_003050,1,c7100_0000,4599,4622,76.656,77.04,24,12,1,0.00,0.38,0
a000_003101,1,c7100_0000,4614,4622,76.906,77.04,9,2,0,0.00,0.13,0
a000_008401,1,c7100_0000,4622,4650,77.04,77.506,29,13,1,0.00,0.47,0
a000_005201,1,c7100_0000,4631,4750,77.19,79.173,120,12,1,0.00,1.67,0
a000_405002,1,c7100_0000,4710,4787,78.507,79.79,78,12,1,0.00,1.27,0
a000_003003,1,c7100_0000,4769,4791,79.49,79.857,23,12,1,0.00,0.37,0
a000_003100,1,c7100_0000,4782,4791,79.707,79.857,10,23,0,0.00,0.15,0
a000_008500,1,c7100_0000,4791,4819,79.857,80.323,29,13,1,0.00,0.47,0
a000_003030,1,c7100_0000,4805,4898,80.09,81.64,94,12,1,0.00,1.55,0
a000_009500,1,c7100_0000,4829,4880,80.49,81.34,52,234,0,0.00,0.83,0
a000_009999,1,c7100_0000,4829,4829,80.49,80.49,1,2,0,0.00,0.00,0
a000_009600,1,c7100_0000,4874,4924,81.24,82.074,51,23,0,0.00,0.83,0
a000_009999,1,c7100_0000,4874,4874,81.24,81.24,1,2,0,0.00,0.00,0
a000_009999,1,c7100_0000,4880,4880,81.34,81.34,1,4,0,0.00,0.00,0
a000_003025,1,c7100_0000,4892,4938,81.54,82.307,47,12,1,0.00,0.77,0
a000_009999,1,c7100_0000,4924,4924,82.074,82.074,1,3,0,0.00,0.00,0
a000_013800,1,c7100_0000,4939,5048,82.324,84.14,110,1,1,0.02,1.83,0
a000_008010,1,c7100_0000,5048,5085,84.14,84.757,38,12,1,0.00,0.62,0
a000_003100,1,c7100_0000,5074,5087,84.574,84.79,14,12,1,0.00,0.22,0
a000_008501,1,c7100_0000,5087,5109,84.79,85.157,23,12,1,0.00,0.37,0
a000_003076,1,c7100_0000,5101,5124,85.024,85.407,24,12,1,0.02,0.40,0
a000_003101,1,c7100_0000,5115,5124,85.257,85.407,10,2,0,0.02,0.17,0
a000_008400,1,c7100_0000,5124,5150,85.407,85.84,27,13,1,0.00,0.43,0
a000_003068,1,c7100_0000,5133,5287,85.557,88.124,155,12,1,0.00,2.57,0
a000_003016,1,c7100_0000,5276,5305,87.941,88.424,30,12,1,0.00,0.47,0
a000_008010,1,c7100_0000,5304,5376,88.407,89.607,73,12,1,0.00,1.18,0
a000_405003,1,c7100_0000,5337,5412,88.957,90.208,76,12,1,0.00,1.27,0
a000_405000,1,c7100_0000,5396,5412,89.941,90.208,17,2,0,0.00,0.27,0
a000_003037,1,c7100_0000,5403,5521,90.058,92.024,119,13,1,0.00,1.98,0
a000_009600,1,c7100_0000,5453,5504,90.891,91.741,52,23,0,0.00,0.83,0
a000_009999,1,c7100_0000,5453,5453,90.891,90.891,1,2,0,0.00,0.00,0
a000_009999,1,c7100_0000,5504,5504,91.741,91.741,1,3,0,0.00,0.00,0
a000_003020,1,c7100_0000,5513,5640,91.891,94.008,128,12,1,0.00,2.12,0
a000_003102,1,c7100_0000,5631,5640,93.858,94.008,10,2,0,0.00,0.13,0
a000_008502,1,c7100_0000,5640,5679,94.008,94.658,40,13,1,0.00,0.67,0
a000_008010,1,c7100_0000,5679,5720,94.658,95.341,42,12,1,0.00,0.68,0
a000_003100,1,c7100_0000,5709,5720,95.158,95.341,12,2,0,0.00,0.18,0
a000_008501,1,c7100_0000,5720,5743,95.341,95.725,24,13,1,0.00,0.38,0
a000_003076,1,c7100_0000,5733,5757,95.558,95.958,25,12,1,0.00,0.40,0
a000_003101,1,c7100_0000,5747,5757,95.791,95.958,11,2,0,0.00,0.17,0
a000_008400,1,c7100_0000,5757,5786,95.958,96.441,30,13,1,0.00,0.48,0
a000_005201,1,c7100_0000,5767,5881,96.125,98.025,115,12,1,0.02,1.67,0
a000_405003,1,c7100_0000,5845,5881,97.425,98.025,37,2,0,0.00,0.60,0
a000_003100,1,c7100_0000,5872,5881,97.875,98.025,10,3,0,0.00,0.15,0
a000_008500,1,c7100_0000,5881,5905,98.025,98.425,25,14,1,0.00,0.38,0
a000_003018,1,c7100_0000,5895,5990,98.258,99.842,96,12,1,0.00,1.58,0
a000_003015,1,c7100_0000,5980,6050,99.675,100.842,71,12,1,0.00,1.15,0
a000_008601,1,c7100_0000,6050,6087,100.842,101.458,38,12,1,0.00,0.63,0
a000_003100,1,c7100_0000,6079,6087,101.325,101.458,9,2,0,0.00,0.15,0
a000_008500,1,c7100_0000,6087,6114,101.458,101.908,28,13,1,0.00,0.45,0
a000_003030,1,c7100_0000,6100,6193,101.675,103.225,94,12,1,0.00,1.55,0
a000_009500,1,c7100_0000,6124,6175,102.075,102.925,52,234,0,0.00,0.83,0
a000_009999,1,c7100_0000,6124,6124,102.075,102.075,1,2,0,0.00,0.00,0
a000_009600,1,c7100_0000,6169,6220,102.825,103.675,52,23,0,0.00,0.83,0
a000_009999,1,c7100_0000,6169,6169,102.825,102.825,1,2,0,0.00,0.00,0
a000_009999,1,c7100_0000,6175,6175,102.925,102.925,1,4,0,0.00,0.00,0
a000_003025,1,c7100_0000,6187,6234,103.125,103.909,48,12,1,0.00,0.77,0
a000_009999,1,c7100_0000,6220,6220,103.675,103.675,1,3,0,0.00,0.00,0
a000_013800,1,c7100_0000,6235,6346,103.925,105.775,112,1,1,0.02,1.85,0
a000_008010,1,c7100_0000,6346,6384,105.775,106.409,39,12,1,0.00,0.65,0
a000_003100,1,c7100_0000,6374,6387,106.242,106.459,14,12,1,0.00,0.22,0
a000_008501,1,c7100_0000,6387,6419,106.459,106.992,33,12,1,0.00,0.55,0
a000_003028,1,c7100_0000,6399,6676,106.659,111.276,278,12,1,0.00,4.60,0
a000_009600,1,c7100_0000,6519,6539,108.659,108.992,21,2,0,0.02,0.35,0
a000_009600,1,c7100_0000,6540,6570,109.009,109.509,31,2,0,0.00,0.48,1
a000_009600,1,c7100_0000,6571,6621,109.526,110.359,51,2,0,0.00,0.83,1
a000_009700,1,c7100_0000,6594,6609,109.909,110.159,16,34,0,0.00,0.25,0
a000_009999,1,c7100_0000,6594,6594,109.909,109.909,1,3,0,0.00,0.00,0
a000_009700,1,c7100_0000,6610,6660,110.176,111.009,51,234,0,0.00,0.83,1
a000_009999,1,c7100_0000,6621,6621,110.359,110.359,1,3,0,0.00,0.00,0
a000_009600,1,c7100_0000,6626,6676,110.443,111.276,51,23,0,0.00,0.82,0
a000_009999,1,c7100_0000,6626,6627,110.443,110.459,2,2,0,0.00,0.00,0
a000_009999,1,c7100_0000,6660,6660,111.009,111.009,1,4,0,0.00,0.00,0
a000_008604,1,c7100_0000,6676,6788,111.276,113.143,113,12,1,0.00,1.87,0
a000_003016,1,c7100_0000,6776,6821,112.943,113.693,46,12,1,0.02,0.75,0
a000_008010,1,c7100_0000,6822,6863,113.709,114.393,42,1,1,0.02,0.68,0
a000_003016,1,c7100_0000,6853,6952,114.226,115.876,100,12,1,0.00,1.65,0
a000_003022,1,c7100_0000,6942,7091,115.71,118.193,150,12,1,0.02,2.48,0
a000_003003,1,c7100_0000,7074,7157,117.91,119.293,84,12,1,0.02,1.38,0
a000_009700,1,c7100_0000,7129,7178,118.827,119.643,50,234,0,0.00,0.82,0
a000_009999,1,c7100_0000,7129,7129,118.827,118.827,1,2,0,0.00,0.00,0
a000_003045,1,c7100_0000,7141,7205,119.027,120.093,65,12,1,0.00,1.07,0
a000_009600,1,c7100_0000,7171,7220,119.527,120.343,50,23,0,0.00,0.82,0
a000_009999,1,c7100_0000,7171,7171,119.527,119.527,1,2,0,0.00,0.00,0
a000_003023,1,c7100_0000,7194,7376,119.91,122.944,183,12,1,0.00,3.02,0
a000_003014,1,c7100_0000,7366,7430,122.777,123.844,65,12,1,0.00,1.07,0
a000_003015,1,c7100_0000,7421,7545,123.694,125.76,125,12,1,0.00,2.07,0
a000_405400,1,c7100_0000,7538,7600,125.644,126.677,63,12,1,0.00,1.03,0
a000_405003,1,c7100_0000,7560,7680,126.011,128.011,121,12,1,0.00,1.98,0
a000_405003,1,c7100_0000,7681,7800,128.027,130.011,120,12,1,0.00,1.98,1
a000_005201,1,c7100_0000,7788,7893,129.811,131.561,106,23,0,0.00,1.67,0
a000_041500,1,c7100_0000,7788,7908,129.811,131.811,121,1,1,0.00,1.98,0
a000_405003,1,c7100_0000,7801,7809,130.028,130.161,9,2,0,0.00,0.13,1
a000_405002,1,c7100_0000,7868,7893,131.144,131.561,26,3,0,0.00,0.42,0
a000_003100,1,c7100_0000,7884,7893,131.411,131.561,10,4,0,0.00,0.15,0
a000_008500,1,c7100_0000,7893,7916,131.561,131.944,24,25,0,0.00,0.38,0
a000_003076,1,c7100_0000,7907,7930,131.794,132.178,24,23,0,0.00,0.38,0
a000_041500,1,c7100_0000,7909,8028,131.828,133.811,120,1,1,0.00,1.98,1
a000_003101,1,c7100_0000,7921,7930,132.028,132.178,10,3,0,0.00,0.15,0
a000_008401,1,c7100_0000,7930,7950,132.178,132.511,21,24,0,0.00,0.33,0
a000_003071,1,c7100_0000,7940,7968,132.344,132.811,29,23,0,0.00,0.47,0
a000_008600,1,c7100_0000,7968,8007,132.811,133.461,40,23,0,0.00,0.65,0
a000_003100,1,c7100_0000,7999,8007,133.328,133.461,9,3,0,0.00,0.13,0
a000_008501,1,c7100_0000,8007,8033,133.461,133.894,27,24,0,0.00,0.43,0
a000_003030,1,c7100_0000,8020,8112,133.678,135.211,93,23,0,0.00,1.53,0
a000_041500,1,c7100_0000,8029,8148,133.828,135.811,120,1,1,0.00,1.98,1
a000_009500,1,c7100_0000,8044,8094,134.078,134.911,51,345,0,0.00,0.83,0
a000_009999,1,c7100_0000,8044,8044,134.078,134.078,1,3,0,0.00,0.00,0
a000_009600,1,c7100_0000,8089,8139,134.828,135.661,51,34,0,0.00,0.83,0
a000_009999,1,c7100_0000,8089,8089,134.828,134.828,1,3,0,0.00,0.00,0
a000_009999,1,c7100_0000,8094,8094,134.911,134.911,1,5,0,0.00,0.00,0
a000_003025,1,c7100_0000,8107,8153,135.128,135.895,47,23,0,0.00,0.77,0
a000_009999,1,c7100_0000,8139,8139,135.661,135.661,1,4,0,0.00,0.00,0
a000_041500,1,c7100_0000,8149,8182,135.828,136.378,34,1,1,0.00,0.55,1
a000_013800,1,c7100_0000,8154,8263,135.911,137.728,110,12,1,0.02,1.83,0
a000_008010,1,c7100_0000,8263,8300,137.728,138.345,38,12,1,0.00,0.62,0
a000_003100,1,c7100_0000,8289,8302,138.162,138.378,14,12,1,0.00,0.22,0
a000_008501,1,c7100_0000,8302,8324,138.378,138.745,23,12,1,0.00,0.37,0
a000_003076,1,c7100_0000,8315,8339,138.595,138.995,25,12,1,0.00,0.40,0
a000_003101,1,c7100_0000,8329,8339,138.828,138.995,11,2,0,0.00,0.17,0
a000_008400,1,c7100_0000,8339,8357,138.995,139.295,19,13,1,0.00,0.30,0
a000_003065,1,c7100_0000,8348,8380,139.145,139.678,33,12,1,0.00,0.53,0
a000_008601,1,c7100_0000,8380,8416,139.678,140.278,37,12,1,0.00,0.60,0
a000_003100,1,c7100_0000,8407,8416,140.128,140.278,10,2,0,0.00,0.15,0
a000_008500,1,c7100_0000,8416,8438,140.278,140.645,23,13,1,0.00,0.37,0
a000_003076,1,c7100_0000,8429,8451,140.495,140.862,23,12,1,0.00,0.37,0
a000_003101,1,c7100_0000,8443,8451,140.728,140.862,9,2,0,0.00,0.13,0
a000_008401,1,c7100_0000,8451,8478,140.862,141.312,28,13,1,0.00,0.47,0
a000_005201,1,c7100_0000,8459,8521,140.995,142.029,63,12,1,0.00,1.03,0
a000_003044,1,c7100_0000,8512,8673,141.878,144.562,162,12,1,0.00,2.68,0
a000_003101,1,c7100_0000,8663,8673,144.395,144.562,11,2,0,0.00,0.17,0
a000_008400,1,c7100_0000,8673,8699,144.562,144.995,27,13,1,0.00,0.43,0
a000_003068,1,c7100_0000,8682,8726,144.712,145.445,45,12,1,0.00,0.73,0
a000_003100,1,c7100_0000,8717,8726,145.295,145.445,10,2,0,0.00,0.15,0
a000_008500,1,c7100_0000,8726,8753,145.445,145.895,28,13,1,0.00,0.45,0
a000_003030,1,c7100_0000,8740,8833,145.679,147.229,94,12,1,0.00,1.55,0
a000_009600,1,c7100_0000,8809,8859,146.829,147.662,51,23,0,0.00,0.83,0
a000_009999,1,c7100_0000,8809,8809,146.829,146.829,1,2,0,0.00,0.00,0
a000_003025,1,c7100_0000,8827,8873,147.129,147.896,47,12,1,0.00,0.77,0
a000_009999,1,c7100_0000,8859,8859,147.662,147.662,1,3,0,0.00,0.00,0
a000_013800,1,c7100_0000,8874,8984,147.912,149.746,111,1,1,0.02,1.85,0
a000_008010,1,c7100_0000,8984,9024,149.746,150.413,41,12,1,0.00,0.67,0
a000_003100,1,c7100_0000,9012,9025,150.213,150.429,14,12,1,0.00,0.22,0
a000_008501,1,c7100_0000,9025,9047,150.429,150.796,23,12,1,0.00,0.37,0
a000_003076,1,c7100_0000,9038,9062,150.646,151.046,25,12,1,0.00,0.40,0
a000_003101,1,c7100_0000,9052,9062,150.879,151.046,11,2,0,0.00,0.17,0
a000_008400,1,c7100_0000,9062,9082,151.046,151.379,21,13,1,0.00,0.33,0
a000_003065,1,c7100_0000,9072,9104,151.213,151.746,33,12,1,0.00,0.53,0
a000_008601,1,c7100_0000,9104,9142,151.746,152.379,39,12,1,0.00,0.63,0
a000_003100,1,c7100_0000,9133,9142,152.229,152.379,10,2,0,0.00,0.15,0
a000_008500,1,c7100_0000,9142,9164,152.379,152.746,23,13,1,0.00,0.37,0
a000_003076,1,c7100_0000,9155,9177,152.596,152.963,23,12,1,0.00,0.37,0
a000_003101,1,c7100_0000,9169,9177,152.829,152.963,9,2,0,0.00,0.13,0
a000_008401,1,c7100_0000,9177,9206,152.963,153.446,30,13,1,0.00,0.48,0
a000_005201,1,c7100_0000,9187,9250,153.129,154.18,64,12,1,0.00,1.05,0
a000_003044,1,c7100_0000,9240,9380,154.013,156.346,141,12,1,0.00,2.33,0
a000_008010,1,c7100_0000,9380,9420,156.346,157.013,41,12,1,0.00,0.67,0
a000_003100,1,c7100_0000,9409,9420,156.83,157.013,12,2,0,0.00,0.18,0
a000_008501,1,c7100_0000,9420,9453,157.013,157.563,34,13,1,0.00,0.55,0
a000_003028,1,c7100_0000,9434,9713,157.246,161.897,280,12,1,0.00,4.65,0
a000_009500,1,c7100_0000,9458,9494,157.646,158.247,37,23,0,0.00,0.60,0
a000_009999,1,c7100_0000,9458,9458,157.646,157.646,1,2,0,0.00,0.00,0
a000_009500,1,c7100_0000,9495,9545,158.263,159.097,51,2,0,0.00,0.83,1
a000_009999,1,c7100_0000,9545,9545,159.097,159.097,1,3,0,0.00,0.00,0
a000_008604,1,c7100_0000,9713,9841,161.897,164.03,129,12,1,0.00,2.13,0
a000_405002,1,c7100_0000,9814,9841,163.58,164.03,28,2,0,0.00,0.45,0
a000_003101,1,c7100_0000,9830,9841,163.847,164.03,12,3,0,0.00,0.18,0
a000_008400,1,c7100_0000,9841,9864,164.03,164.414,24,14,1,0.00,0.38,0
a000_003030,1,c7100_0000,9851,9943,164.197,165.73,93,12,1,0.00,1.53,0
a000_009600,1,c7100_0000,9920,9970,165.347,166.181,51,23,0,0.00,0.83,0
a000_009999,1,c7100_0000,9920,9920,165.347,165.347,1,2,0,0.00,0.00,0
a000_003025,1,c7100_0000,9938,9984,165.647,166.414,47,12,1,0.00,0.77,0
a000_009999,1,c7100_0000,9970,9970,166.181,166.181,1,3,0,0.00,0.00,0
a000_013800,1,c7100_0000,9985,10096,166.431,168.281,112,1,1,0.02,1.87,0
a000_008010,1,c7100_0000,10096,10134,168.281,168.914,39,12,1,0.00,0.62,0
a000_003100,1,c7100_0000,10123,10136,168.731,168.947,14,12,1,0.00,0.22,0
a000_008501,1,c7100_0000,10136,10160,168.947,169.347,25,12,1,0.00,0.38,0
a000_003076,1,c7100_0000,10149,10173,169.164,169.564,25,12,1,0.00,0.38,0
a000_003101,1,c7100_0000,10163,10173,169.397,169.564,11,2,0,0.00,0.15,0
a000_008400,1,c7100_0000,10174,10201,169.581,170.031,28,1,1,0.02,0.47,0
a000_005201,1,c7100_0000,10182,10244,169.714,170.748,63,12,1,0.00,1.03,0
a000_003044,1,c7100_0000,10235,10374,170.598,172.914,140,12,1,0.00,2.32,0
a000_008010,1,c7100_0000,10374,10412,172.914,173.548,39,12,1,0.00,0.62,0
a000_003100,1,c7100_0000,10401,10412,173.364,173.548,12,2,0,0.00,0.17,0
a000_008501,1,c7100_0000,10412,10434,173.548,173.914,23,13,1,0.00,0.38,0
a000_003076,1,c7100_0000,10424,10449,173.748,174.165,26,12,1,0.00,0.42,0
a000_003101,1,c7100_0000,10439,10449,173.998,174.165,11,2,0,0.00,0.17,0
a000_008400,1,c7100_0000,10449,10476,174.165,174.615,28,13,1,0.00,0.45,0
a000_003068,1,c7100_0000,10459,10539,174.331,175.665,81,12,1,0.00,1.33,0
a000_009600,1,c7100_0000,10518,10568,175.315,176.148,51,23,0,0.00,0.83,0
a000_009999,1,c7100_0000,10518,10518,175.315,175.315,1,2,0,0.00,0.00,0
a000_012100,1,c7100_0000,10540,10566,175.681,176.115,27,1,1,0.02,0.45,0
a000_012110,1,c7100_0000,10567,10787,176.131,179.798,221,1,1,0.02,3.68,0
a000_009999,1,c7100_0000,10568,10568,176.148,176.148,1,3,0,0.00,0.00,0
a000_003100,1,c7100_0000,10778,10787,179.648,179.798,10,2,0,0.00,0.15,0
a000_008500,1,c7100_0000,10787,10811,179.798,180.198,25,13,1,0.00,0.40,0
a000_003076,2,c7100_0000,10802,10918,180.048,181.982,117,123,1,0.02,1.95,0
a000_041500,2,c7100_0000,10847,10967,180.798,182.799,121,1,1,0.00,1.98,0
a000_405000,2,c7100_0000,10907,10918,181.798,181.982,12,23,0,0.00,0.18,0
a000_003037,2,c7100_0000,10908,10953,181.815,182.565,46,24,0,0.00,0.75,0
a000_008010,2,c7100_0000,10953,10997,182.565,183.299,45,23,0,0.00,0.73,0
a000_041500,2,c7100_0000,10968,11058,182.815,184.315,91,1,1,0.02,1.50,1
a000_003005,2,c7100_0000,10985,11049,183.099,184.165,65,23,0,0.00,1.07,0
a000_008601,2,c7100_0000,11049,11089,184.165,184.832,41,123,1,0.00,0.67,0
a000_003055,2,c7100_0000,11080,11195,184.682,186.599,116,12,1,0.00,1.92,0
a000_003014,2,c7100_0000,11185,11305,186.432,188.432,121,12,1,0.00,2.00,0
a000_405010,2,c7100_0000,11286,11317,188.116,188.632,32,12,1,0.00,0.52,0
a000_003006,2,c7100_0000,11313,11361,188.566,189.366,49,12,1,0.00,0.80,0
a000_405010,2,c7100_0000,11318,11329,188.649,188.832,12,1,1,0.00,0.18,1
a000_008600,2,c7100_0000,11361,11404,189.366,190.083,44,12,1,0.00,0.72,0
a000_003062,2,c7100_0000,11398,11577,189.982,192.966,180,12,1,0.00,2.57,0
a000_405003,2,c7100_0000,11538,11599,192.316,193.333,62,12,1,0.00,1.00,0
a000_003100,2,c7100_0000,11588,11599,193.149,193.333,12,2,0,0.00,0.18,0
a000_008500,2,c7100_0000,11598,11620,193.316,193.683,23,13,1,0.00,0.37,0
a000_003050,2,c7100_0000,11611,11640,193.533,194.016,30,12,1,0.00,0.47,0
a000_008601,2,c7100_0000,11639,11680,193.999,194.683,42,12,1,0.00,0.68,0
a000_003055,2,c7100_0000,11671,11684,194.533,194.75,14,12,1,0.00,0.22,0
a000_003100,2,c7100_0000,11673,11684,194.566,194.75,12,23,0,0.00,0.17,0
a000_008500,2,c7100_0000,11683,11706,194.733,195.116,24,13,1,0.00,0.38,0
a000_003050,2,c7100_0000,11698,11719,194.983,195.333,22,12,1,0.00,0.37,0
a000_003101,2,c7100_0000,11712,11719,195.216,195.333,8,2,0,0.00,0.13,0
a000_008401,2,c7100_0000,11719,11748,195.333,195.816,30,13,1,0.00,0.43,0
a000_005201,2,c7100_0000,11728,11846,195.483,197.45,119,12,1,0.00,1.67,0
a000_405002,2,c7100_0000,11807,11877,196.8,197.966,71,12,1,0.00,1.17,0
a000_003016,2,c7100_0000,11866,11887,197.783,198.133,22,12,1,0.00,0.37,0
a000_003101,2,c7100_0000,11876,11887,197.95,198.133,12,23,0,0.00,0.18,0
a000_008400,2,c7100_0000,11887,11910,198.133,198.517,24,13,1,0.00,0.37,0
a000_003030,2,c7100_0000,11896,12001,198.283,200.033,106,12,1,0.00,1.73,0
a000_009600,2,c7100_0000,11965,12015,199.433,200.267,51,23,0,0.00,0.82,0
a000_009999,2,c7100_0000,11965,11965,199.433,199.433,1,2,0,0.00,0.00,0
a000_003067,2,c7100_0000,11983,12139,199.733,202.334,157,12,1,0.00,2.58,0
a000_009500,2,c7100_0000,12081,12131,201.367,202.2,51,23,0,0.00,0.83,0
a000_009999,2,c7100_0000,12081,12082,201.367,201.383,2,2,0,0.00,0.00,0
a000_003103,2,c7100_0000,12127,12139,202.134,202.334,13,2,0,0.02,0.20,0
a000_009999,2,c7100_0000,12131,12131,202.2,202.2,1,4,0,0.00,0.00,0
a000_008505,2,c7100_0000,12139,12153,202.334,202.567,15,13,1,0.00,0.23,0
a000_003103,2,c7100_0000,12149,12153,202.5,202.567,5,2,0,0.00,0.07,0
a000_008504,2,c7100_0000,12154,12192,202.584,203.217,39,1,1,0.02,0.60,0
a000_003003,2,c7100_0000,12173,12193,202.9,203.234,21,12,1,0.00,0.32,0
a000_003101,2,c7100_0000,12183,12193,203.067,203.234,11,23,0,0.00,0.15,0
a000_008400,2,c7100_0000,12193,12220,203.234,203.684,28,13,1,0.00,0.47,0
a000_003068,2,c7100_0000,12202,12286,203.384,204.784,85,12,1,0.00,1.33,0
a000_009600,2,c7100_0000,12262,12280,204.384,204.684,19,2,0,0.02,0.32,0
a000_009600,2,c7100_0000,12281,12331,204.7,205.534,51,23,0,0.00,0.83,1
a000_003092,2,c7100_0000,12283,12654,204.734,210.918,372,12,1,0.00,5.83,0
a000_009999,2,c7100_0000,12331,12331,205.534,205.534,1,3,0,0.00,0.00,0
a000_009600,2,c7100_0000,12362,12383,206.051,206.401,22,23,0,0.00,0.33,0
a000_009999,2,c7100_0000,12362,12362,206.051,206.051,1,2,0,0.00,0.00,0
a000_009600,2,c7100_0000,12384,12413,206.417,206.901,30,2,0,0.00,0.50,1
a000_009600,2,c7100_0000,12414,12436,206.917,207.284,23,2,0,0.00,0.37,1
a000_009600,2,c7100_0000,12437,12453,207.301,207.567,17,2,0,0.00,0.25,1
a000_009600,2,c7100_0000,12454,12505,207.584,208.434,52,2,0,0.00,0.83,1
a000_009700,2,c7100_0000,12470,12522,207.851,208.717,53,234,0,0.00,0.83,0
a000_009999,2,c7100_0000,12470,12470,207.851,207.851,1,3,0,0.00,0.00,0
a000_009999,2,c7100_0000,12504,12505,208.417,208.434,2,3,0,0.00,0.00,0
a000_009999,2,c7100_0000,12522,12522,208.717,208.717,1,3,0,0.00,0.00,0
a000_405003,2,c7100_0000,12614,12656,210.251,210.951,43,12,1,0.00,0.68,0
a000_405000,2,c7100_0000,12615,12733,210.268,212.234,119,123,1,0.00,1.97,0
a000_405002,2,c7100_0000,12693,12784,211.568,213.084,92,12,1,0.00,1.50,0
a000_005201,2,c7100_0000,12764,12882,212.751,214.718,119,12,1,0.00,1.67,0
a000_405002,2,c7100_0000,12843,12894,214.068,214.918,52,12,1,0.00,0.83,0
a000_003100,2,c7100_0000,12884,12894,214.751,214.918,11,2,0,0.00,0.15,0
a000_008500,2,c7100_0000,12894,12916,214.918,215.285,23,123,1,0.00,0.38,0
a000_041500,2,c7100_0000,12897,13016,214.968,216.951,120,1,1,0.00,1.98,0
a000_003076,2,c7100_0000,12907,12929,215.135,215.501,23,23,0,0.00,0.37,0
a000_003101,2,c7100_0000,12922,12929,215.385,215.501,8,3,0,0.00,0.13,0
a000_008401,2,c7100_0000,12929,12949,215.501,215.835,21,24,0,0.00,0.33,0
a000_003071,2,c7100_0000,12939,12968,215.668,216.151,30,23,0,0.00,0.48,0
a000_008600,2,c7100_0000,12968,13012,216.151,216.885,45,23,0,0.00,0.72,0
a000_003100,2,c7100_0000,13002,13012,216.718,216.885,11,3,0,0.00,0.15,0
a000_008501,2,c7100_0000,13012,13036,216.885,217.285,25,24,0,0.00,0.40,0
a000_041500,2,c7100_0000,13017,13137,216.968,218.968,121,1,1,0.00,2.00,1
a000_003076,2,c7100_0000,13026,13051,217.118,217.535,26,23,0,0.00,0.42,0
a000_003101,2,c7100_0000,13040,13051,217.351,217.535,12,3,0,0.00,0.17,0
a000_008400,2,c7100_0000,13051,13070,217.535,217.851,20,24,0,0.00,0.33,0
a000_003065,2,c7100_0000,13060,13092,217.685,218.218,33,23,0,0.00,0.52,0
a000_008601,2,c7100_0000,13091,13133,218.202,218.902,43,23,0,0.00,0.68,0
a000_003100,2,c7100_0000,13124,13133,218.752,218.902,10,3,0,0.02,0.15,0
a000_008500,2,c7100_0000,13133,13160,218.902,219.352,28,24,0,0.00,0.47,0
a000_041500,2,c7100_0000,13138,13240,218.985,220.685,103,1,1,0.00,1.70,1
a000_003030,2,c7100_0000,13147,13252,219.135,220.885,106,123,1,0.02,1.77,0
a000_009500,2,c7100_0000,13170,13221,219.518,220.368,52,345,0,0.00,0.33,0
a000_009999,2,c7100_0000,13170,13171,219.518,219.535,2,3,0,0.00,0.00,0
a000_009600,2,c7100_0000,13216,13266,220.285,221.118,51,234,0,0.00,0.83,0
a000_009999,2,c7100_0000,13216,13216,220.285,220.285,1,3,0,0.00,0.00,0
a000_009999,2,c7100_0000,13221,13221,220.368,220.368,1,5,0,0.00,0.00,0
a000_003067,2,c7100_0000,13234,13387,220.585,223.135,154,123,1,0.00,2.55,0
a000_009999,2,c7100_0000,13266,13266,221.118,221.118,1,3,0,0.00,0.00,0
a000_009500,2,c7100_0000,13328,13377,222.152,222.969,50,23,0,0.00,0.83,0
a000_009999,2,c7100_0000,13328,13328,222.152,222.152,1,2,0,0.00,0.00,0
a000_003103,2,c7100_0000,13376,13387,222.952,223.135,12,2,0,0.00,0.18,0
a000_009999,2,c7100_0000,13377,13377,222.969,222.969,1,4,0,0.00,0.00,0
a000_008505,2,c7100_0000,13387,13407,223.135,223.469,21,123,1,0.00,0.32,0
a000_003103,2,c7100_0000,13399,13407,223.335,223.469,9,12,1,0.02,0.13,0
a000_008504,2,c7100_0000,13407,13436,223.469,223.952,30,13,1,0.00,0.48,0
a000_003037,2,c7100_0000,13426,13442,223.785,224.052,17,12,1,0.00,0.27,0
a000_003101,2,c7100_0000,13434,13442,223.919,224.052,9,23,0,0.00,0.13,0
a000_008400,2,c7100_0000,13442,13544,224.052,225.752,103,13,1,0.00,0.51,0
a000_005201,2,c7100_0000,13528,13637,225.485,227.302,110,12,1,0.03,1.67,0
a000_405003,2,c7100_0000,13604,13637,226.752,227.302,34,2,0,0.00,0.55,0
a000_003100,2,c7100_0000,13626,13637,227.119,227.302,12,3,0,0.00,0.18,0
a000_008500,2,c7100_0000,13637,13660,227.302,227.686,24,14,1,0.00,0.38,0
a000_003076,2,c7100_0000,13650,13684,227.519,228.086,35,12,1,0.00,0.57,0
a000_008600,2,c7100_0000,13684,13723,228.086,228.736,40,12,1,0.00,0.65,0
a000_003100,2,c7100_0000,13712,13723,228.552,228.736,12,2,0,0.00,0.18,0
a000_008501,2,c7100_0000,13723,13746,228.736,229.119,24,13,1,0.00,0.38,0
a000_003076,2,c7100_0000,13737,13761,228.969,229.369,25,12,1,0.00,0.40,0
a000_003101,2,c7100_0000,13751,13761,229.202,229.369,11,2,0,0.00,0.17,0
a000_008400,2,c7100_0000,13761,13781,229.369,229.702,21,13,1,0.00,0.33,0
a000_003065,2,c7100_0000,13771,13803,229.536,230.069,33,12,1,0.00,0.53,0
a000_008601,2,c7100_0000,13803,13841,230.069,230.703,39,12,1,0.00,0.63,0
a000_003100,2,c7100_0000,13832,13841,230.553,230.703,10,2,0,0.00,0.15,0
a000_008500,2,c7100_0000,13841,13867,230.703,231.136,27,13,1,0.00,0.43,0
a000_003009,2,c7100_0000,13855,13880,230.936,231.353,26,12,1,0.00,0.42,0
a000_008010,2,c7100_0000,13880,13930,231.353,232.186,51,12,1,0.00,0.83,0
a000_003003,2,c7100_0000,13912,13931,231.886,232.203,20,12,1,0.00,0.32,0
a000_003100,2,c7100_0000,13920,13931,232.019,232.203,12,23,0,0.00,0.18,0
a000_008501,2,c7100_0000,13931,13954,232.203,232.586,24,13,1,0.00,0.38,0
a000_003018,2,c7100_0000,13945,13969,232.436,232.836,25,12,1,0.00,0.40,0
a000_008010,2,c7100_0000,13969,14015,232.836,233.603,47,12,1,0.00,0.77,0
a000_405003,2,c7100_0000,14002,14015,233.386,233.603,14,2,0,0.00,0.22,0
a000_003100,2,c7100_0000,14003,14015,233.403,233.603,13,3,0,0.00,0.20,0
a000_008501,2,c7100_0000,14015,14039,233.603,234.003,25,14,1,0.00,0.40,0
a000_003034,2,c7100_0000,14029,14054,233.836,234.253,26,12,1,0.00,0.42,0
a000_008010,2,c7100_0000,14054,14099,234.253,235.003,46,12,1,0.00,0.75,0
a000_405003,2,c7100_0000,14087,14099,234.803,235.003,13,2,0,0.00,0.20,0
a000_003100,2,c7100_0000,14088,14100,234.82,235.02,13,13,1,0.00,0.20,0
a000_008501,2,c7100_0000,14100,14127,235.02,235.47,28,12,1,0.00,0.45,0
a000_003030,2,c7100_0000,14113,14206,235.236,236.786,94,12,1,0.00,1.55,0
a000_009500,2,c7100_0000,14138,14189,235.653,236.503,52,234,0,0.00,0.83,0
a000_009999,2,c7100_0000,14138,14138,235.653,235.653,1,2,0,0.00,0.00,0
a000_009600,2,c7100_0000,14181,14231,236.37,237.203,51,23,0,0.00,0.83,0
a000_009999,2,c7100_0000,14181,14181,236.37,236.37,1,2,0,0.00,0.00,0
a000_009999,2,c7100_0000,14189,14189,236.503,236.503,1,4,0,0.00,0.00,0
a000_003025,2,c7100_0000,14201,14247,236.703,237.47,47,12,1,0.00,0.77,0
a000_009999,2,c7100_0000,14231,14231,237.203,237.203,1,3,0,0.00,0.00,0
a000_013800,2,c7100_0000,14248,14356,237.486,239.287,109,1,1,0.02,1.82,0
a000_008010,2,c7100_0000,14356,14396,239.287,239.953,41,12,1,0.00,0.67,0
a000_003100,2,c7100_0000,14385,14397,239.77,239.97,13,12,1,0.00,0.20,0
a000_008501,2,c7100_0000,14397,14420,239.97,240.353,24,12,1,0.00,0.38,0
a000_003076,2,c7100_0000,14410,14435,240.187,240.603,26,12,1,0.00,0.42,0
a000_003101,2,c7100_0000,14425,14435,240.437,240.603,11,2,0,0.00,0.17,0
a000_008400,2,c7100_0000,14435,14463,240.603,241.07,29,13,1,0.00,0.47,0
a000_005201,2,c7100_0000,14444,14506,240.753,241.787,63,12,1,0.00,1.03,0
a000_003044,2,c7100_0000,14497,14643,241.637,244.07,147,12,1,0.00,2.44,0
a000_008010,2,c7100_0000,14643,14683,244.07,244.737,41,12,1,0.00,0.67,0
a000_003100,2,c7100_0000,14672,14683,244.554,244.737,12,2,0,0.00,0.18,0
a000_008501,2,c7100_0000,14683,14706,244.737,245.12,24,13,1,0.00,0.38,0
a000_003076,2,c7100_0000,14696,14721,244.954,245.37,26,12,1,0.00,0.42,0
a000_003101,2,c7100_0000,14711,14721,245.204,245.37,11,2,0,0.00,0.17,0
a000_008400,2,c7100_0000,14721,14748,245.37,245.82,28,13,1,0.00,0.45,0
a000_003068,2,c7100_0000,14731,14815,245.537,246.937,85,12,1,0.00,1.40,0
a000_009600,2,c7100_0000,14792,14810,246.554,246.854,19,23,0,0.00,0.30,0
a000_009999,2,c7100_0000,14792,14792,246.554,246.554,1,2,0,0.00,0.00,0
a000_009600,2,c7100_0000,14811,14861,246.871,247.704,51,23,0,0.00,0.83,1
a000_003092,2,c7100_0000,14813,15100,246.904,251.688,288,12,1,0.00,4.78,0
a000_009999,2,c7100_0000,14861,14861,247.704,247.704,1,3,0,0.00,0.00,0
a000_009600,2,c7100_0000,14891,14911,248.204,248.537,21,23,0,0.00,0.33,0
a000_009999,2,c7100_0000,14891,14891,248.204,248.204,1,2,0,0.00,0.00,0
a000_009600,2,c7100_0000,14912,14962,248.554,249.387,51,2,0,0.00,0.83,1
a000_009999,2,c7100_0000,14962,14962,249.387,249.387,1,3,0,0.00,0.00,0
a000_008013,2,c7100_0000,15100,15141,251.688,252.371,42,12,1,0.00,0.68,0
a000_003037,2,c7100_0000,15131,15142,252.204,252.388,12,12,1,0.00,0.18,0
a000_008010,2,c7100_0000,15142,15179,252.388,253.004,38,12,1,0.00,0.62,0
a000_003100,2,c7100_0000,15168,15179,252.821,253.004,12,2,0,0.00,0.18,0
a000_008501,2,c7100_0000,15179,15203,253.004,253.404,25,13,1,0.00,0.40,0
a000_003076,2,c7100_0000,15193,15218,253.238,253.654,26,12,1,0.00,0.42,0
a000_003101,2,c7100_0000,15208,15218,253.488,253.654,11,2,0,0.00,0.17,0
a000_008400,2,c7100_0000,15218,15247,253.654,254.138,30,13,1,0.00,0.48,0
a000_005201,2,c7100_0000,15227,15289,253.804,254.838,63,12,1,0.00,1.03,0
a000_003044,2,c7100_0000,15280,15303,254.688,255.071,24,12,1,0.00,0.38,0
a000_008010,2,c7100_0000,15303,15343,255.071,255.738,41,12,1,0.00,0.67,0
a000_003100,2,c7100_0000,15333,15343,255.571,255.738,11,2,0,0.00,0.17,0
a000_008501,2,c7100_0000,15343,15367,255.738,256.138,25,13,1,0.00,0.40,0
a000_003076,2,c7100_0000,15357,15382,255.971,256.388,26,12,1,0.00,0.42,0
a000_003101,2,c7100_0000,15372,15382,256.221,256.388,11,2,0,0.00,0.17,0
a000_008400,2,c7100_0000,15382,15405,256.388,256.771,24,13,1,0.00,0.38,0
a000_003030,2,c7100_0000,15391,15495,256.538,258.272,105,12,1,0.00,1.73,0
a000_009600,2,c7100_0000,15460,15510,257.688,258.522,51,23,0,0.00,0.83,0
a000_009999,2,c7100_0000,15460,15460,257.688,257.688,1,2,0,0.00,0.00,0
a000_003067,2,c7100_0000,15478,15638,257.988,260.655,161,12,1,0.00,2.67,0
a000_009999,2,c7100_0000,15510,15510,258.522,258.522,1,3,0,0.00,0.00,0
a000_009500,2,c7100_0000,15566,15616,259.455,260.288,51,23,0,0.00,0.83,0
a000_009999,2,c7100_0000,15566,15566,259.455,259.455,1,2,0,0.00,0.00,0
a000_009999,2,c7100_0000,15616,15616,260.288,260.288,1,3,0,0.00,0.00,0
a000_003003,2,c7100_0000,15623,15638,260.405,260.655,16,2,0,0.00,0.25,0
a000_009500,2,c7100_0000,15624,15674,260.422,261.255,51,2345,0,0.00,0.83,0
a000_009999,2,c7100_0000,15624,15624,260.422,260.422,1,3,0,0.10,0.10,0
a000_003103,2,c7100_0000,15630,15638,260.522,260.655,9,3,0,0.00,0.13,0
a000_008504,2,c7100_0000,15638,15670,260.655,261.188,33,14,1,0.00,0.53,0
a000_003005,2,c7100_0000,15658,15677,260.988,261.305,20,12,1,0.00,0.32,0
a000_003101,2,c7100_0000,15668,15677,261.155,261.305,10,23,0,0.00,0.15,0
a000_009999,2,c7100_0000,15674,15674,261.255,261.255,1,4,0,0.00,0.00,0
a000_008400,2,c7100_0000,15677,15695,261.305,261.605,19,13,1,0.00,0.30,0
a000_003065,2,c7100_0000,15686,15718,261.455,261.988,33,12,1,0.00,0.53,0
a000_008601,2,c7100_0000,15718,15755,261.988,262.605,38,12,1,0.00,0.62,0
a000_003100,2,c7100_0000,15746,15755,262.455,262.605,10,2,0,0.00,0.15,0
a000_008500,2,c7100_0000,15755,15778,262.605,262.989,24,13,1,0.00,0.38,0
a000_003076,2,c7100_0000,15768,15791,262.822,263.205,24,12,1,0.00,0.38,0
a000_003101,2,c7100_0000,15783,15791,263.072,263.205,9,2,0,0.00,0.13,0
a000_008401,2,c7100_0000,15791,15810,263.205,263.522,20,13,1,0.00,0.32,0
a000_003071,2,c7100_0000,15801,15830,263.372,263.855,30,12,1,0.00,0.48,0
a000_008600,2,c7100_0000,15830,15867,263.855,264.472,38,12,1,0.00,0.62,0
a000_003100,2,c7100_0000,15858,15867,264.322,264.472,10,2,0,0.00,0.15,0
a000_008501,2,c7100_0000,15867,15890,264.472,264.855,24,13,1,0.00,0.38,0
a000_003076,2,c7100_0000,15881,15905,264.705,265.105,25,12,1,0.00,0.40,0
a000_003101,2,c7100_0000,15895,15905,264.939,265.105,11,2,0,0.00,0.17,0
a000_008400,2,c7100_0000,15905,15934,265.105,265.589,30,13,1,0.00,0.48,0
a000_005201,2,c7100_0000,15915,15977,265.272,266.306,63,12,1,0.00,1.03,0
a000_003044,2,c7100_0000,15968,15992,266.156,266.556,25,12,1,0.00,0.40,0
a000_008140,2,c7100_0000,15992,16016,266.556,266.956,25,12,1,0.00,0.40,0
a000_007100,2,c7100_0000,16002,16016,266.722,266.956,15,23,0,0.02,0.25,0
a000_040000,2,c7100_0000,16003,16029,266.739,267.172,27,1,1,0.00,0.43,0
a000_007120,2,c7100_0000,16015,16028,266.939,267.156,14,24,0,0.02,0.22,0
a000_008010,2,c7100_0000,16029,16069,267.172,267.839,41,12,1,0.02,0.67,0
a000_003100,2,c7100_0000,16057,16070,267.639,267.856,14,12,1,0.00,0.20,0
a000_008501,2,c7100_0000,16070,16096,267.856,268.289,27,12,1,0.00,0.43,0
a000_003030,2,c7100_0000,16082,16187,268.056,269.806,106,12,1,0.00,1.73,0
a000_009500,2,c7100_0000,16106,16157,268.456,269.306,52,234,0,0.00,0.83,0
a000_009999,2,c7100_0000,16106,16107,268.456,268.472,2,2,0,0.00,0.00,0
a000_009600,2,c7100_0000,16150,16200,269.189,270.023,49,23,0,0.00,0.82,0
a000_009999,2,c7100_0000,16150,16150,269.189,269.189,1,2,0,0.00,0.00,0
a000_009999,2,c7100_0000,16156,16157,269.289,269.306,2,4,0,0.00,0.00,0
a000_003067,2,c7100_0000,16169,16257,269.506,270.973,89,12,1,0.00,1.47,0
a000_008300,2,c7100_0000,16257,16307,270.973,271.806,51,12,1,0.00,0.82,0
a000_013500,2,c7100_0000,16308,16324,271.823,272.089,17,1,1,0.03,0.30,0
a000_013510,2,c7100_0000,16325,16570,272.106,276.19,246,1,1,0.02,4.02,0
a000_003043,3,c7110_0001,19494,19641,324.927,327.377,148,1,1,0.95,3.41,0
a000_003012,3,c7110_0001,19632,19804,327.227,330.094,173,12,1,0.00,2.67,0
a000_405002,3,c7110_0001,19765,19807,329.444,330.144,43,12,1,0.00,0.70,0
a000_008010,3,c7110_0001,19807,19849,330.144,330.844,43,12,1,0.00,0.70,0
a000_003000,3,c7110_0001,19838,19853,330.661,330.911,16,12,1,0.00,0.25,0
a000_003100,3,c7110_0001,19842,19855,330.728,330.944,14,123,1,0.00,0.22,0
a000_008501,3,c7110_0001,19855,19880,330.944,331.361,26,12,1,0.00,0.42,0
a000_003004,3,c7110_0001,19868,19891,331.161,331.544,24,12,1,0.00,0.38,0
a000_003101,3,c7110_0001,19883,19891,331.411,331.544,9,2,0,0.00,0.13,0
a000_008400,3,c7110_0001,19891,19906,331.544,331.794,16,13,1,0.00,0.25,0
a000_003030,3,c7110_0001,19900,19993,331.694,333.244,94,12,1,0.00,1.55,0
a000_009600,3,c7110_0001,19968,20018,332.828,333.661,51,23,0,0.00,0.83,0
a000_009999,3,c7110_0001,19968,19968,332.828,332.828,1,2,0,0.00,0.00,0
a000_003025,3,c7110_0001,19987,20069,333.144,334.511,83,12,1,0.00,1.37,0
a000_009999,3,c7110_0001,20018,20018,333.661,333.661,1,3,0,0.00,0.00,0
a000_008050,3,c7110_0001,20069,20170,334.511,336.195,102,12,1,0.00,1.50,0
a000_405003,3,c7110_0001,20131,20250,335.545,337.528,120,12,1,0.00,1.98,0
a000_405003,3,c7110_0001,20251,20269,337.545,337.845,19,1,1,0.00,0.30,1
a000_005201,3,c7110_0001,20252,20365,337.561,339.445,114,12,1,0.00,1.63,0
a000_405002,3,c7110_0001,20331,20365,338.878,339.445,35,2,0,0.00,0.57,0
a000_003016,3,c7110_0001,20354,20379,339.262,339.678,26,13,1,0.00,0.42,0
a000_003100,3,c7110_0001,20368,20379,339.495,339.678,12,2,0,0.00,0.18,0
a000_008500,3,c7110_0001,20379,20410,339.678,340.195,32,13,1,0.00,0.52,0
a000_005202,3,c7110_0001,20392,20460,339.895,341.028,69,12,1,0.00,1.13,0
a000_009500,3,c7110_0001,20417,20467,340.312,341.145,51,2345,0,0.00,0.83,0
a000_009999,3,c7110_0001,20417,20417,340.312,340.312,1,2,0,0.00,0.00,0
a000_405003,3,c7110_0001,20443,20460,340.745,341.028,18,2,0,0.00,0.28,0
a000_003100,3,c7110_0001,20451,20460,340.878,341.028,10,3,0,0.00,0.15,0
a000_008501,3,c7110_0001,20460,20483,341.028,341.412,24,14,1,0.00,0.38,0
a000_009999,3,c7110_0001,20467,20467,341.145,341.145,1,3,0,0.00,0.00,0
a000_003039,3,c7110_0001,20473,20675,341.245,344.612,203,12,1,0.00,3.37,0
a000_009500,3,c7110_0001,20497,20547,341.645,342.479,51,23,0,0.00,0.83,0
a000_009999,3,c7110_0001,20497,20497,341.645,341.645,1,2,0,0.00,0.00,0
a000_009999,3,c7110_0001,20547,20547,342.479,342.479,1,3,0,0.00,0.00,0
a000_405003,3,c7110_0001,20647,20675,344.145,344.612,29,12,1,0.00,0.47,0
a000_003100,3,c7110_0001,20666,20675,344.462,344.612,10,3,0,0.00,0.15,0
a000_008500,3,c7110_0001,20675,20697,344.612,344.979,23,14,1,0.00,0.37,0
a000_003018,3,c7110_0001,20688,20712,344.829,345.229,25,12,1,0.00,0.40,0
a000_008010,3,c7110_0001,20712,20754,345.229,345.929,43,12,1,0.00,0.70,0
a000_003016,3,c7110_0001,20743,20760,345.745,346.029,18,12,1,0.00,0.28,0
a000_003100,3,c7110_0001,20750,20760,345.862,346.029,11,23,0,0.00,0.17,0
a000_008501,3,c7110_0001,20760,20790,346.029,346.529,31,13,1,0.00,0.50,0
a000_005202,3,c7110_0001,20773,20829,346.246,347.179,57,12,1,0.00,0.93,0
a000_009500,3,c7110_0001,20795,20845,346.612,347.446,51,23,0,0.00,0.83,0
a000_009999,3,c7110_0001,20795,20795,346.612,346.612,1,2,0,0.00,0.00,0
a000_003007,3,c7110_0001,20810,20967,346.862,349.479,158,12,1,0.00,2.62,0
a000_009999,3,c7110_0001,20845,20845,347.446,347.446,1,3,0,0.00,0.00,0
a000_003103,3,c7110_0001,20956,20992,349.296,349.896,37,12,1,0.00,0.60,0
a000_003004,3,c7110_0001,20981,21003,349.712,350.079,23,12,1,0.00,0.37,0
a000_003100,3,c7110_0001,20993,21003,349.912,350.079,11,2,0,0.00,0.17,0
a000_008500,3,c7110_0001,21003,21026,350.079,350.463,24,13,1,0.00,0.38,0
a000_003031,3,c7110_0001,21017,21042,350.313,350.729,26,12,1,0.00,0.42,0
a000_008010,3,c7110_0001,21042,21085,350.729,351.446,44,12,1,0.00,0.72,0
a000_003000,3,c7110_0001,21073,21085,351.246,351.446,13,2,0,0.00,0.20,0
a000_003100,3,c7110_0001,21076,21085,351.296,351.446,10,3,0,0.00,0.15,0
a000_008501,3,c7110_0001,21085,21104,351.446,351.763,20,14,1,0.00,0.30,0
a000_003068,3,c7110_0001,21098,21123,351.663,352.079,26,12,1,0.00,0.42,0
a000_003101,3,c7110_0001,21113,21123,351.913,352.079,11,2,0,0.00,0.17,0
a000_008400,3,c7110_0001,21123,21139,352.079,352.346,17,13,1,0.00,0.27,0
a000_003030,3,c7110_0001,21133,21231,352.246,353.879,99,12,1,0.00,1.63,0
a000_009600,3,c7110_0001,21202,21253,353.396,354.246,52,23,0,0.00,0.83,0
a000_009999,3,c7110_0001,21202,21202,353.396,353.396,1,2,0,0.00,0.00,0
a000_003067,3,c7110_0001,21220,21312,353.696,355.23,93,12,1,0.00,1.53,0
a000_009999,3,c7110_0001,21253,21253,354.246,354.246,1,3,0,0.00,0.00,0
a000_008051,3,c7110_0001,21312,21389,355.23,356.513,78,12,1,0.00,1.27,0
a000_003043,3,c7110_0001,21373,21538,356.246,358.997,166,12,1,0.00,2.75,0
a000_008010,3,c7110_0001,21538,21573,358.997,359.58,36,12,1,0.00,0.53,0
a000_003100,3,c7110_0001,21561,21573,359.38,359.58,13,2,0,0.00,0.20,0
a000_008510,3,c7110_0001,21573,21575,359.58,359.613,3,13,1,0.00,0.02,0
a000_008210,3,c7110_0001,21575,21608,359.613,360.163,34,12,1,0.00,0.33,0
a000_008220,3,c7110_0001,21596,21668,359.963,361.163,73,12,1,0.00,1.00,0
a000_008230,3,c7110_0001,21656,21747,360.963,362.48,92,12,1,0.00,1.52,0
a000_003000,3,c7110_0001,21735,21799,362.28,363.347,65,12,1,0.00,1.07,0
a000_003001,3,c7110_0001,21790,21919,363.197,365.347,130,12,1,0.00,2.15,0
a000_405010,3,c7110_0001,21900,21931,365.03,365.547,32,12,1,0.00,0.52,0
a000_003006,3,c7110_0001,21926,21992,365.464,366.564,67,12,1,0.00,1.10,0
a000_405010,3,c7110_0001,21932,21941,365.564,365.714,10,1,1,0.00,0.15,1
a000_009600,3,c7110_0001,21974,22024,366.264,367.097,51,23,0,0.00,0.82,0
a000_009999,3,c7110_0001,21974,21974,366.264,366.264,1,2,0,0.00,0.00,0
a000_008601,3,c7110_0001,21992,22032,366.564,367.231,41,12,1,0.00,0.67,0
a000_003018,3,c7110_0001,22023,22113,367.081,368.581,91,12,1,0.00,1.50,0
a000_003019,3,c7110_0001,22108,22301,368.497,371.714,194,12,1,0.00,3.17,0
a000_003043,3,c7110_0001,22285,22425,371.448,373.781,141,12,1,0.00,2.32,0
a000_008210,3,c7110_0001,22424,22443,373.764,374.081,20,12,1,0.00,0.30,0
a000_008210,3,c7110_0001,22444,22477,374.098,374.648,34,1,1,0.00,0.33,1
a000_009500,3,c7110_0001,22445,22495,374.115,374.948,51,23,0,0.00,0.83,0
a000_009999,3,c7110_0001,22445,22445,374.115,374.115,1,2,0,0.00,0.00,0
a000_008220,3,c7110_0001,22465,22479,374.448,374.681,15,12,1,0.00,0.23,0
a000_008210,3,c7110_0001,22479,22514,374.681,375.265,36,12,1,0.00,0.33,1
a000_009999,3,c7110_0001,22495,22495,374.948,374.948,1,3,0,0.00,0.00,0
a000_008220,3,c7110_0001,22501,22573,375.048,376.248,73,12,1,0.00,1.00,0
a000_008230,3,c7110_0001,22562,22662,376.065,377.731,101,12,1,0.00,1.67,0
a000_405010,3,c7110_0001,22642,22672,377.398,377.898,31,12,1,0.00,0.50,0
a000_003008,3,c7110_0001,22655,22770,377.615,379.532,116,123,1,0.00,1.93,0
a000_003009,3,c7110_0001,22760,22978,379.365,382.999,219,12,1,0.00,3.63,0
a000_405401,3,c7110_0001,22971,23008,382.882,383.499,38,12,1,0.00,0.62,0
a000_003008,3,c7110_0001,22991,23061,383.215,384.382,71,12,1,0.00,1.17,0
a000_013800,3,c7110_0001,23062,23199,384.399,386.682,138,1,1,0.02,2.30,0
a000_003008,3,c7110_0001,23182,23336,386.399,388.966,155,12,1,0.00,2.57,0
a000_405402,3,c7110_0001,23328,23393,388.832,389.916,66,12,1,0.00,1.07,0
a000_405002,3,c7110_0001,23361,23393,389.382,389.916,33,2,0,0.00,0.52,0
a000_003008,3,c7110_0001,23375,23490,389.616,391.533,116,13,1,0.00,1.92,0
a000_003009,3,c7110_0001,23482,23713,391.399,395.25,232,12,1,0.00,3.83,0
a000_405010,3,c7110_0001,23693,23725,394.916,395.45,33,12,1,0.00,0.52,0
a000_405010,3,c7110_0001,23726,23742,395.466,395.733,17,1,1,0.00,0.27,1
a000_003006,3,c7110_0001,23728,23848,395.5,397.5,121,12,1,0.00,2.00,0
a000_009600,3,c7110_0001,23776,23826,396.3,397.133,51,23,0,0.00,0.83,0
a000_009999,3,c7110_0001,23776,23776,396.3,396.3,1,2,0,0.00,0.00,0
a000_009700,3,c7110_0001,23794,23844,396.6,397.433,51,234,0,0.00,0.83,0
a000_009999,3,c7110_0001,23794,23794,396.6,396.6,1,3,0,0.00,0.00,0
a000_009999,3,c7110_0001,23826,23826,397.133,397.133,1,3,0,0.00,0.00,0
a000_003042,3,c7110_0001,23839,23962,397.35,399.4,124,12,1,0.00,2.05,0
a000_009999,3,c7110_0001,23844,23844,397.433,397.433,1,4,0,0.00,0.00,0
a000_009500,3,c7110_0001,23874,23924,397.933,398.767,51,23,0,0.00,0.83,0
a000_009999,3,c7110_0001,23874,23874,397.933,397.933,1,2,0,0.00,0.00,0
a000_009999,3,c7110_0001,23924,23924,398.767,398.767,1,3,0,0.00,0.00,0
a000_008210,3,c7110_0001,23962,23981,399.4,399.717,20,12,1,0.00,0.32,0
a000_008210,3,c7110_0001,23982,24013,399.733,400.25,32,1,1,0.00,0.33,1
a000_009500,3,c7110_0001,23983,24033,399.75,400.583,51,23,0,0.00,0.83,0
a000_009999,3,c7110_0001,23983,23983,399.75,399.75,1,2,0,0.00,0.00,0
a000_008220,3,c7110_0001,24002,24018,400.067,400.333,17,12,1,0.00,0.27,0
a000_008210,3,c7110_0001,24018,24052,400.333,400.9,35,12,1,0.00,0.33,0
a000_009999,3,c7110_0001,24033,24033,400.583,400.583,1,3,0,0.00,0.00,0
a000_008220,3,c7110_0001,24041,24113,400.717,401.917,73,12,1,0.00,1.00,0
a000_008230,3,c7110_0001,24101,24192,401.717,403.234,92,12,1,0.00,1.52,0
a000_009500,3,c7110_0001,24122,24158,402.067,402.667,37,23,0,0.00,0.60,0
a000_009999,3,c7110_0001,24122,24122,402.067,402.067,1,2,0,0.00,0.00,0
a000_009500,3,c7110_0001,24159,24209,402.684,403.517,51,234,0,0.00,0.83,1
a000_003000,3,c7110_0001,24180,24197,403.034,403.317,18,12,1,0.00,0.28,0
a000_003100,3,c7110_0001,24185,24197,403.117,403.317,13,23,0,0.00,0.20,0
a000_008501,3,c7110_0001,24197,24223,403.317,403.75,27,13,1,0.00,0.43,0
a000_009999,3,c7110_0001,24209,24209,403.517,403.517,1,3,0,0.00,0.00,0
a000_003000,3,c7110_0001,24211,24235,403.55,403.95,25,12,1,0.00,0.40,0
a000_003101,3,c7110_0001,24226,24235,403.8,403.95,10,2,0,0.00,0.15,0
a000_008400,3,c7110_0001,24235,24251,403.95,404.217,17,13,1,0.00,0.27,0
a000_003068,3,c7110_0001,24245,24329,404.117,405.517,85,12,1,0.00,1.40,0
a000_009600,3,c7110_0001,24304,24324,405.1,405.434,21,23,0,0.00,0.33,0
a000_009999,3,c7110_0001,24304,24304,405.1,405.1,1,2,0,0.00,0.00,0
a000_009600,3,c7110_0001,24325,24375,405.45,406.284,51,23,0,0.00,0.83,1
a000_003092,3,c7110_0001,24327,24698,405.484,411.668,372,12,1,0.00,5.83,0
a000_009999,3,c7110_0001,24375,24375,406.284,406.284,1,3,0,0.00,0.00,0
a000_009600,3,c7110_0001,24405,24425,406.784,407.117,21,23,0,0.00,0.33,0
a000_009999,3,c7110_0001,24405,24405,406.784,406.784,1,2,0,0.00,0.00,0
a000_009600,3,c7110_0001,24426,24456,407.134,407.634,31,2,0,0.00,0.50,1
a000_009600,3,c7110_0001,24457,24478,407.651,408.001,22,2,0,0.00,0.35,1
a000_009600,3,c7110_0001,24479,24493,408.017,408.251,15,2,0,0.00,0.23,1
a000_009600,3,c7110_0001,24494,24544,408.267,409.101,51,2,0,0.00,0.83,1
a000_009999,3,c7110_0001,24544,24544,409.101,409.101,1,3,0,0.00,0.00,0
a000_405002,3,c7110_0001,24658,24719,411.001,412.018,62,23,0,0.00,1.02,0
a000_405001,3,c7110_0001,24673,24719,411.251,412.018,47,123,1,0.00,0.77,0
