anim,candidate_frame,verdict,exact_frame,evidence
a000_405010,57,restart,,"first detection pass (first-pass time reads, W=6, drop 0.15); visual check: counter drops back to 0-1 and grows again"
a000_041500,342,restart,,"first detection pass (first-pass time reads, W=6, drop 0.15); visual check: counter drops back to 0-1 and grows again"
a000_009600,360,restart,,"first detection pass (first-pass time reads, W=6, drop 0.15); visual check: counter drops back to 0-1 and grows again"
a000_009600,461,restart,,"first detection pass (first-pass time reads, W=6, drop 0.15); visual check: counter drops back to 0-1 and grows again"
a000_041500,462,restart,,"first detection pass (first-pass time reads, W=6, drop 0.15); visual check: counter drops back to 0-1 and grows again"
a000_003092,530,no_restart,,"first detection pass (first-pass time reads, W=6, drop 0.15); visual check: counter keeps increasing (time misread) or the animation just ended"
a000_009600,1340,restart,,"first detection pass (first-pass time reads, W=6, drop 0.15); visual check: counter drops back to 0-1 and grows again"
a000_009600,1441,restart,,"first detection pass (first-pass time reads, W=6, drop 0.15); visual check: counter drops back to 0-1 and grows again"
a000_009600,1472,restart,,"first detection pass (first-pass time reads, W=6, drop 0.15); visual check: counter drops back to 0-1 and grows again"
a000_009600,1495,restart,,"first detection pass (first-pass time reads, W=6, drop 0.15); visual check: counter drops back to 0-1 and grows again"
a000_009600,1510,restart,,"first detection pass (first-pass time reads, W=6, drop 0.15); visual check: counter drops back to 0-1 and grows again"
a000_009600,2321,restart,,"first detection pass (first-pass time reads, W=6, drop 0.15); visual check: counter drops back to 0-1 and grows again"
a000_009600,2423,restart,,"first detection pass (first-pass time reads, W=6, drop 0.15); visual check: counter drops back to 0-1 and grows again"
a000_405000,3736,restart,,"first detection pass (first-pass time reads, W=6, drop 0.15); visual check: counter drops back to 0-1 and grows again"
a000_405002,4065,restart,,"first detection pass (first-pass time reads, W=6, drop 0.15); visual check: counter drops back to 0-1 and grows again"
a000_009600,6218,no_restart,,"first detection pass (first-pass time reads, W=6, drop 0.15); visual check: counter keeps increasing (time misread) or the animation just ended"
a000_009600,6540,restart,,"first detection pass (first-pass time reads, W=6, drop 0.15); visual check: counter drops back to 0-1 and grows again"
a000_009600,6571,restart,,"first detection pass (first-pass time reads, W=6, drop 0.15); visual check: counter drops back to 0-1 and grows again"
a000_009700,6610,restart,,"first detection pass (first-pass time reads, W=6, drop 0.15); visual check: counter drops back to 0-1 and grows again"
a000_405003,7681,restart,,"first detection pass (first-pass time reads, W=6, drop 0.15); visual check: counter drops back to 0-1 and grows again"
a000_405003,7801,restart,,"first detection pass (first-pass time reads, W=6, drop 0.15); visual check: counter drops back to 0-1 and grows again"
a000_041500,7903,restart,7909,"first detection pass (first-pass time reads, W=6, drop 0.15); visual check: frame 7908 shows (1.98)[60/60], frame 7909 shows (0.00)[0/60]"
a000_041500,8029,restart,,"first detection pass (first-pass time reads, W=6, drop 0.15); visual check: counter drops back to 0-1 and grows again"
a000_003030,8075,no_restart,,"first detection pass (first-pass time reads, W=6, drop 0.15); visual check: counter keeps increasing (time misread) or the animation just ended"
a000_041500,8083,no_restart,,"first detection pass (first-pass time reads, W=6, drop 0.15); visual check: counter keeps increasing (time misread) or the animation just ended"
a000_041500,8149,restart,,"first detection pass (first-pass time reads, W=6, drop 0.15); visual check: counter drops back to 0-1 and grows again"
a000_009500,9495,restart,,"first detection pass (first-pass time reads, W=6, drop 0.15); visual check: counter drops back to 0-1 and grows again"
a000_041500,10968,restart,,"first detection pass (first-pass time reads, W=6, drop 0.15); visual check: counter drops back to 0-1 and grows again"
a000_405010,11318,restart,,"first detection pass (first-pass time reads, W=6, drop 0.15); visual check: counter drops back to 0-1 and grows again"
a000_009600,12281,restart,,"first detection pass (first-pass time reads, W=6, drop 0.15); visual check: counter drops back to 0-1 and grows again"
a000_009600,12384,restart,,"first detection pass (first-pass time reads, W=6, drop 0.15); visual check: counter drops back to 0-1 and grows again"
a000_009600,12414,restart,,"first detection pass (first-pass time reads, W=6, drop 0.15); visual check: counter drops back to 0-1 and grows again"
a000_009600,12437,restart,,"first detection pass (first-pass time reads, W=6, drop 0.15); visual check: counter drops back to 0-1 and grows again"
a000_009600,12454,restart,,"first detection pass (first-pass time reads, W=6, drop 0.15); visual check: counter drops back to 0-1 and grows again"
a000_041500,13017,restart,,"first detection pass (first-pass time reads, W=6, drop 0.15); visual check: counter drops back to 0-1 and grows again"
a000_041500,13138,restart,,"first detection pass (first-pass time reads, W=6, drop 0.15); visual check: counter drops back to 0-1 and grows again"
a000_009600,14811,restart,,"first detection pass (first-pass time reads, W=6, drop 0.15); visual check: counter drops back to 0-1 and grows again"
a000_009600,14912,restart,,"first detection pass (first-pass time reads, W=6, drop 0.15); visual check: counter drops back to 0-1 and grows again"
a000_405003,20251,restart,,"first detection pass (first-pass time reads, W=6, drop 0.15); visual check: counter drops back to 0-1 and grows again"
a000_003001,21838,no_restart,,"first detection pass (first-pass time reads, W=6, drop 0.15); visual check: counter keeps increasing (time misread) or the animation just ended"
a000_003001,21904,no_restart,,"first detection pass (first-pass time reads, W=6, drop 0.15); visual check: counter keeps increasing (time misread) or the animation just ended"
a000_405010,21932,restart,,"first detection pass (first-pass time reads, W=6, drop 0.15); visual check: counter drops back to 0-1 and grows again"
a000_003043,22339,no_restart,,"first detection pass (first-pass time reads, W=6, drop 0.15); visual check: counter keeps increasing (time misread) or the animation just ended"
a000_008210,22444,restart,,"first detection pass (first-pass time reads, W=6, drop 0.15); visual check: counter drops back to 0-1 and grows again"
a000_008210,22479,restart,,"first detection pass (first-pass time reads, W=6, drop 0.15); visual check: counter drops back to 0-1 and grows again"
a000_008230,22611,no_restart,,"first detection pass (first-pass time reads, W=6, drop 0.15); visual check: counter keeps increasing (time misread) or the animation just ended"
a000_013800,23115,no_restart,,"first detection pass (first-pass time reads, W=6, drop 0.15); visual check: counter keeps increasing (time misread) or the animation just ended"
a000_003009,23709,no_restart,,"first detection pass (first-pass time reads, W=6, drop 0.15); visual check: counter keeps increasing (time misread) or the animation just ended"
a000_405010,23726,restart,,"first detection pass (first-pass time reads, W=6, drop 0.15); visual check: counter drops back to 0-1 and grows again"
a000_008210,23982,restart,,"first detection pass (first-pass time reads, W=6, drop 0.15); visual check: counter drops back to 0-1 and grows again"
a000_009500,24159,restart,,"first detection pass (first-pass time reads, W=6, drop 0.15); visual check: counter drops back to 0-1 and grows again"
a000_009600,24325,restart,,"first detection pass (first-pass time reads, W=6, drop 0.15); visual check: counter drops back to 0-1 and grows again"
a000_003092,24381,no_restart,,"first detection pass (first-pass time reads, W=6, drop 0.15); visual check: counter keeps increasing (time misread) or the animation just ended"
a000_009600,24426,restart,,"first detection pass (first-pass time reads, W=6, drop 0.15); visual check: counter drops back to 0-1 and grows again"
a000_003092,24441,no_restart,,"first detection pass (first-pass time reads, W=6, drop 0.15); visual check: counter keeps increasing (time misread) or the animation just ended"
a000_009600,24457,restart,,"first detection pass (first-pass time reads, W=6, drop 0.15); visual check: counter drops back to 0-1 and grows again"
a000_009600,24479,restart,,"first detection pass (first-pass time reads, W=6, drop 0.15); visual check: counter drops back to 0-1 and grows again"
a000_009600,24542,no_restart,,"first detection pass (first-pass time reads, W=6, drop 0.15); visual check: counter keeps increasing (time misread) or the animation just ended"
a000_009600,511,no_restart,,"second detection pass (time_read2, W=4, drop 0.1): frames 506-512 show 0.73..0.83 [25/25], then the line ends"
a000_009600,24494,restart,24494,"second detection pass (time_read2, W=4, drop 0.1): frame 24493 shows (0.23)[7/25], frame 24494 shows (0.00)[0/25]"
