memory_goods_id,memory_zh,memory_en,boss_parts,health_bars,maps,event_files_with_bar,ai_logic_battle,npc_think_param,defeat_flag,memory_lot_chain,awarded_by,defeat_flag_set_by,same_family_parts,other_parts_in_defeat_event
5200,战斗记忆·鬼形部,Memory: Gyoubu Oniwa,c5080_0000 (1100800),c5080_0000: 905081 鬼形部 | Gyoubu Oniwa,m11_00_00_00,"c5080_0000: m11_00_00_00,m11_00_50_80",c5080_0000: 508000/508000,c5080_0000: 50800000/50800000,9301,2000->2001,common event 300 (flag 9301),m11_00_00_00 event 11105800,,
5201,战斗记忆·幻影之蝶,Memory: Lady Butterfly,c5090_0000 (1000800); c5090_0001 (1000810),c5090_0000: 905090 幻影之蝶 | Lady Butterfly; c5090_0001: 905090 幻影之蝶 | Lady Butterfly,m10_00_00_00,"c5090_0000: m10_00_00_00,m10_00_50_90; c5090_0001: m10_00_00_00,m10_00_50_90",c5090_0000: 509000/509000; c5090_0001: 509000/509000,c5090_0000: 50900000/50900000; c5090_0001: 50900001/50900000,9302,2030->2031,common event 300 (flag 9302),m10_00_00_00 event 11005800,,c7210_0000 (1000840)
5202,战斗记忆·苇名弦一郎,Memory: Genichiro,c7100_0000 (1110800); c7110_0001 (1110801),"c7100_0000: 907100 苇名弦一郎 | Genichiro Ashina; c7110_0001: 907110 巴流 苇名弦一郎 | Genichiro, Way of Tomoe",m11_01_00_00,"c7100_0000: m11_01_00_00,m11_01_71_00; c7110_0001: m11_01_00_00,m11_01_71_00",c7100_0000: 710000/710000; c7110_0001: 711000/711000,c7100_0000: 71001000/71000000; c7110_0001: 71100000/71100000,9303,2080->2081,common event 300 (flag 9303),m11_01_00_00 event 11115800,c7100_0001 (1110890); c7110_0000 (1110891),c7400_0003 (1110714); c7400_0001 (1110900)
5203,战斗记忆·屏风猿猴,Memory: Screen Monkeys,c1000_0009 (2000800),c1000_0009: 901260 观猴、闻猴、言猴 | Folding Screen Monkeys,m20_00_00_00,"c1000_0009: m20_00_00_00,m20_00_12_60",c1000_0009: 20000/11000,c1000_0009: 12600050/10000000,9405,2020->2021,common event 300 (flag 9405),m20_00_00_00 event 12005906; m20_00_12_60 event 12005906,c1000_0000 (2000200); c1000_0004 (2000201); c1260_0000 (2000801); c1260_0001 (2000802); c1260_0002 (2000803); c1260_0003 (2000804); c1000_0010 (2000810),
5204,战斗记忆·狮子猿,Memory: Guardian Ape,c5100_0000 (1700800),c5100_0000: 905100 狮子猿 | Guardian Ape,m17_00_00_00,"c5100_0000: m17_00_00_00,m17_00_51_00",c5100_0000: 510000/510000,c5100_0000: 51000000/51000000,9304,2010->2011,common event 300 (flag 9304),m17_00_00_00 event 11705800,c5100_0001 (1700850); c5100_0002 (1700852),c5001_0000 (1700801)
5205,战斗记忆·破戒僧,Memory: Corrupted Monk,c5000_0000 (1500800),c5000_0000: 905000 破戒僧 | Corrupted Monk,m15_00_00_00,"c5000_0000: m15_00_00_00,m15_00_50_00",c5000_0000: 500000/500000,c5000_0000: 50001000/50000000,9306,2050->2051,common event 300 (flag 9306),m15_00_00_00 event 11505800,,
5206,战斗记忆·巨型忍者 枭,Memory: Great Shinobi,c5060_0000 (1110850),c5060_0000: 905060 巨型忍者 枭 | Great Shinobi - Owl,m11_01_00_00,"c5060_0000: m11_01_00_00,m11_01_50_60",c5060_0000: 506000/506001,c5060_0000: 50600000/50601000,9308,2090->2091,common event 300 (flag 9308),m11_01_00_00 event 11115850,c5060_0001 (1110722),
5207,战斗记忆·义父,Memory: Foster Father,c5060_0001 (1000900),c5060_0001: 905061 义父 | Owl (Father),m10_00_00_00,"c5060_0001: m10_00_00_00,m10_00_50_60",c5060_0001: 506000/506000,c5060_0001: 50601010/50600000,9317,2100->2101,common event 300 (flag 9317),m10_00_00_00 event 11005900,c5060_0000 (1000590); c5060_0002 (1000990),c5070_0000 (1000901); c1001_0004 (1000954)
5208,战斗记忆·宫内破戒僧,Memory: True Monk,c5000_0000 (2500850),c5000_0000: 905000 破戒僧 | Corrupted Monk,m25_00_00_00,"c5000_0000: m25_00_00_00,m25_00_50_00,m25_00_52_00",c5000_0000: 500000/500000,c5000_0000: 50000000/50000000,9309,2060->2061,common event 300 (flag 9309),m25_00_00_00 event 12505950; m25_00_52_00 event 12505950,,c5005_0000 (2500851); c5005_0001 (2500853); c5005_0002 (2500854)
5209,战斗记忆·樱龙,Memory: Divine Dragon,c5200_0000 (2500800),c5200_0000: 905200 樱龙 | Divine Dragon,m25_00_00_00,"c5200_0000: m25_00_00_00,m25_00_52_00",c5200_0000: 520000/520000,c5200_0000: 52000000/52000000,9410,2070->2071,common event 300 (flag 9410),m25_00_00_00 event 12505880,,
5210,战斗记忆·怨恨之鬼,Memory: Hatred Demon,c7020_0000 (1100900),c7020_0000: 907021 怨恨之鬼 | Demon of Hatred,m11_00_00_00,"c7020_0000: m11_00_00_00,m11_00_70_10",c7020_0000: 702000/702000,c7020_0000: 70200000/70200000,9313,2040->2041,common event 300 (flag 9313),m11_00_00_00 event 11105900,,c1001_0005 (1100955)
5211,战斗记忆·剑圣苇名一心,Memory: Saint Isshin ,c7110_0000 (1120830); c5400_0000 (1120860),"c7110_0000: 907110 巴流 苇名弦一郎 | Genichiro, Way of Tomoe; c5400_0000: 905400 剑圣 苇名一心 | Isshin, the Sword Saint",m11_02_00_00,"c7110_0000: m11_02_00_00,m11_02_71_10; c5400_0000: m11_02_00_00,m11_02_54_00",c7110_0000: 711000/711000; c5400_0000: 540000/540000,c7110_0000: 71101000/71100000; c5400_0000: 54000000/54000000,9312,2130->2131,common event 300 (flag 9312),m11_02_00_00 event 11125860,c5400_0001 (1120890),
5212,战斗记忆·苇名一心,Memory: Isshin Ashina,c5430_0000 (1110920),c5430_0000: 905401 苇名一心 | Isshin Ashina,m11_01_00_00,"c5430_0000: m11_01_00_00,m11_01_54_10",c5430_0000: 540000/543000,c5430_0000: 54300000/54300000,9316,2120->2121,common event 300 (flag 9316),m11_01_00_00 event 11115920,c5430_0002 (1110707); c5430_0003 (1110713),
5213,战斗记忆·无首狮子猿,Memory: Headless Ape,c5100_0001 (1700850),c5100_0001: 905100 狮子猿 | Guardian Ape,m17_00_00_00,"c5100_0001: m17_00_00_00,m17_00_51_01",c5100_0001: 510000/510010,c5100_0001: 51000100/51000100,9307,2014->2015->2016->2017,common event 300 (flag 9307),m17_00_00_00 event 11705850,c5100_0000 (1700800); c5100_0002 (1700852),
5220,战斗记忆·心中的弦一郎,Memory: Inner Genichiro,c7100_0001 (1110890); c7110_0000 (1110891),c7100_0001: 907103 心中的弦一郎 | Inner Genichiro; c7110_0000: 907103 心中的弦一郎 | Inner Genichiro,m11_01_00_00,c7100_0001: m11_01_71_01; c7110_0000: m11_01_71_01,c7100_0001: 710300/710300; c7110_0000: 711300/711300,c7100_0001: 71001000/71030000; c7110_0000: 71100000/71130000,,5770,common event 296,,c7100_0000 (1110800); c7110_0001 (1110801),
5221,战斗记忆·心中的义父,Memory: Inner Father,c5060_0002 (1000990),c5060_0002: 905063 心中的义父 | Inner Father,m10_00_00_00,c5060_0002: m10_00_50_61,c5060_0002: 506300/506300,c5060_0002: 50601010/50630000,,5780,common event 297,,c5060_0000 (1000590); c5060_0001 (1000900),
5222,战斗记忆·心中的一心,Memory: Inner Isshin,c5400_0001 (1120890),c5400_0001: 905403 心中的一心 | Inner Isshin,m11_02_00_00,c5400_0001: m11_02_54_01,c5400_0001: 540300/540300,c5400_0001: 54000000/54030000,,5790,common event 298,,c5400_0000 (1120860),
